#-----------------------------------------------------------
# xsim v2025.2 (64-bit)
# SW Build 6299465 on Fri Nov 14 12:34:56 MST 2025
# IP Build 6300035 on Fri Nov 14 10:48:45 MST 2025
# SharedData Build 6298862 on Thu Nov 13 04:50:51 MST 2025
# Start of session at: Tue Jul 14 05:33:17 2026
# Process ID         : 6466
# Current directory  : /home/igorcintra13/culsans_questa
# Command line       : xsim -mode tcl -source {xsim.dir/work_snapshot/xsim_script.tcl}
# Log file           : /home/igorcintra13/culsans_questa/xsim.log
# Journal file       : /home/igorcintra13/culsans_questa/xsim.jou
# Running On         : Igor
# Platform           : Ubuntu
# Operating System   : Ubuntu 24.04.1 LTS
# Processor Detail   : Intel(R) Core(TM) i5-10210U CPU @ 1.60GHz
# CPU Frequency      : 2112.007 MHz
# CPU Physical cores : 4
# CPU Logical cores  : 8
# Host memory        : 4012 MB
# Swap memory        : 1073 MB
# Total Virtual      : 5085 MB
# Available Virtual  : 4632 MB
#-----------------------------------------------------------
source xsim.dir/work_snapshot/xsim_script.tcl
# xsim {work_snapshot} -autoloadwcfg -runall
Time resolution is 1 ps
run -all
[0] aguardando start transaction e clock
[100000] start transaction e clock recebidos
[160000] aguardando check_done_i
Rodada atual: 1
[290000] check_done_i RECEBIDO
[300000] aguardando start transaction e clock
[300000] Checker pronto para a proxima!
[320000] start transaction e clock recebidos
[380000] aguardando check_done_i
Rodada atual: 2
[480000] check_done_i RECEBIDO
[490000] aguardando start transaction e clock
[490000] Checker pronto para a proxima!
[510000] start transaction e clock recebidos
[740000] aguardando check_done_i
Rodada atual: 3
[840000] check_done_i RECEBIDO
[850000] aguardando start transaction e clock
[850000] Checker pronto para a proxima!
[870000] start transaction e clock recebidos
[890000] aguardando check_done_i
Rodada atual: 4
[1330000] check_done_i RECEBIDO
[1340000] aguardando start transaction e clock
[1340000] Checker pronto para a proxima!
[1360000] start transaction e clock recebidos
[2040000] aguardando check_done_i
Rodada atual: 5
[2140000] check_done_i RECEBIDO
[2150000] aguardando start transaction e clock
[2150000] Checker pronto para a proxima!
[2170000] start transaction e clock recebidos
[2190000] aguardando check_done_i
Rodada atual: 6
[3200000] check_done_i RECEBIDO
[3210000] aguardando start transaction e clock
[3210000] Checker pronto para a proxima!
[3230000] start transaction e clock recebidos
[3290000] aguardando check_done_i
Rodada atual: 7
[3420000] check_done_i RECEBIDO
[3430000] aguardando start transaction e clock
[3430000] Checker pronto para a proxima!
[3450000] start transaction e clock recebidos
[4110000] aguardando check_done_i
Rodada atual: 8
[4220000] check_done_i RECEBIDO
[4230000] aguardando start transaction e clock
[4230000] Checker pronto para a proxima!
[5000000] start transaction e clock recebidos
[5010000] aguardando check_done_i
Rodada atual: 9
[5060000] check_done_i RECEBIDO
[5070000] aguardando start transaction e clock
[5070000] Checker pronto para a proxima!
[5090000] start transaction e clock recebidos
[5110000] aguardando check_done_i
Rodada atual: 10
[5280000] check_done_i RECEBIDO
[5290000] aguardando start transaction e clock
[5290000] Checker pronto para a proxima!
[5310000] start transaction e clock recebidos
[6060000] aguardando check_done_i
Rodada atual: 11
[6140000] check_done_i RECEBIDO
[6150000] aguardando start transaction e clock
[6150000] Checker pronto para a proxima!
[6280000] start transaction e clock recebidos
[6290000] aguardando check_done_i
Rodada atual: 12
[6340000] check_done_i RECEBIDO
[6350000] aguardando start transaction e clock
[6350000] Checker pronto para a proxima!
[6610000] start transaction e clock recebidos
[6620000] aguardando check_done_i
Rodada atual: 13
[6670000] check_done_i RECEBIDO
[6680000] aguardando start transaction e clock
[6680000] Checker pronto para a proxima!
[6700000] start transaction e clock recebidos
[6760000] aguardando check_done_i
Rodada atual: 14
[6870000] check_done_i RECEBIDO
[6880000] aguardando start transaction e clock
[6880000] Checker pronto para a proxima!
[6900000] start transaction e clock recebidos
[7730000] aguardando check_done_i
Rodada atual: 15
[7880000] check_done_i RECEBIDO
[7890000] aguardando start transaction e clock
[7890000] Checker pronto para a proxima!
[8370000] start transaction e clock recebidos
[8380000] aguardando check_done_i
Rodada atual: 16
[8430000] check_done_i RECEBIDO
[8440000] aguardando start transaction e clock
[8440000] Checker pronto para a proxima!
[8730000] start transaction e clock recebidos
[8760000] aguardando check_done_i
Rodada atual: 17
[8810000] check_done_i RECEBIDO
[8820000] aguardando start transaction e clock
[8820000] Checker pronto para a proxima!
[8840000] start transaction e clock recebidos
[8860000] aguardando check_done_i
Rodada atual: 18
[9070000] check_done_i RECEBIDO
[9080000] aguardando start transaction e clock
[9080000] Checker pronto para a proxima!
[9510000] start transaction e clock recebidos
[9520000] aguardando check_done_i
Rodada atual: 19
[9570000] check_done_i RECEBIDO
[9580000] aguardando start transaction e clock
[9580000] Checker pronto para a proxima!
[9760000] start transaction e clock recebidos
[9770000] aguardando check_done_i
Rodada atual: 20
[9820000] check_done_i RECEBIDO
[9830000] aguardando start transaction e clock
[9830000] Checker pronto para a proxima!
[9850000] start transaction e clock recebidos
[9910000] aguardando check_done_i
Rodada atual: 21
[10030000] check_done_i RECEBIDO
[10040000] aguardando start transaction e clock
[10040000] Checker pronto para a proxima!
[10720000] start transaction e clock recebidos
[10730000] aguardando check_done_i
Rodada atual: 22
[10780000] check_done_i RECEBIDO
[10790000] aguardando start transaction e clock
[10790000] Checker pronto para a proxima!
[10940000] start transaction e clock recebidos
[10970000] aguardando check_done_i
Rodada atual: 23
[11020000] check_done_i RECEBIDO
[11030000] aguardando start transaction e clock
[11030000] Checker pronto para a proxima!
[11850000] start transaction e clock recebidos
[11860000] aguardando check_done_i
Rodada atual: 24
[11910000] check_done_i RECEBIDO
[11920000] aguardando start transaction e clock
[11920000] Checker pronto para a proxima!
[12430000] start transaction e clock recebidos
[12440000] aguardando check_done_i
Rodada atual: 25
[12490000] check_done_i RECEBIDO
[12500000] aguardando start transaction e clock
[12500000] Checker pronto para a proxima!
[12520000] start transaction e clock recebidos
[12580000] aguardando check_done_i
Rodada atual: 26
[12700000] check_done_i RECEBIDO
[12710000] aguardando start transaction e clock
[12710000] Checker pronto para a proxima!
[13580000] start transaction e clock recebidos
[13590000] aguardando check_done_i
Rodada atual: 27
[13640000] check_done_i RECEBIDO
[13650000] aguardando start transaction e clock
[13650000] Checker pronto para a proxima!
[13670000] start transaction e clock recebidos
[13690000] aguardando check_done_i
Rodada atual: 28
[13830000] check_done_i RECEBIDO
[13840000] aguardando start transaction e clock
[13840000] Checker pronto para a proxima!
[13860000] start transaction e clock recebidos
[13880000] aguardando check_done_i
Rodada atual: 29
[14060000] check_done_i RECEBIDO
[14070000] aguardando start transaction e clock
[14070000] Checker pronto para a proxima!
[14090000] start transaction e clock recebidos
[14110000] aguardando check_done_i
Rodada atual: 30
[15050000] check_done_i RECEBIDO
[15060000] aguardando start transaction e clock
[15060000] Checker pronto para a proxima!
[15080000] start transaction e clock recebidos
[15390000] aguardando check_done_i
Rodada atual: 31
[15560000] check_done_i RECEBIDO
[15570000] aguardando start transaction e clock
[15570000] Checker pronto para a proxima!
[15590000] start transaction e clock recebidos
[15900000] aguardando check_done_i
Rodada atual: 32
[16000000] check_done_i RECEBIDO
[16010000] aguardando start transaction e clock
[16010000] Checker pronto para a proxima!
[16030000] start transaction e clock recebidos
[16270000] aguardando check_done_i
Rodada atual: 33
[16390000] check_done_i RECEBIDO
[16400000] aguardando start transaction e clock
[16400000] Checker pronto para a proxima!
[17200000] start transaction e clock recebidos
[17210000] aguardando check_done_i
Rodada atual: 34
[17260000] check_done_i RECEBIDO
[17270000] aguardando start transaction e clock
[17270000] Checker pronto para a proxima!
[17540000] start transaction e clock recebidos
[17550000] aguardando check_done_i
Rodada atual: 35
[17600000] check_done_i RECEBIDO
[17610000] aguardando start transaction e clock
[17610000] Checker pronto para a proxima!
[18110000] start transaction e clock recebidos
[18120000] aguardando check_done_i
Rodada atual: 36
[18170000] check_done_i RECEBIDO
[18180000] aguardando start transaction e clock
[18180000] Checker pronto para a proxima!
[18340000] start transaction e clock recebidos
[18350000] aguardando check_done_i
Rodada atual: 37
[18400000] check_done_i RECEBIDO
[18410000] aguardando start transaction e clock
[18410000] Checker pronto para a proxima!
[18430000] start transaction e clock recebidos
[18450000] aguardando check_done_i
Rodada atual: 38
[18600000] check_done_i RECEBIDO
[18610000] aguardando start transaction e clock
[18610000] Checker pronto para a proxima!
[18990000] start transaction e clock recebidos
[19020000] aguardando check_done_i
Rodada atual: 39
[19070000] check_done_i RECEBIDO
[19080000] aguardando start transaction e clock
[19080000] Checker pronto para a proxima!
[19100000] start transaction e clock recebidos
[19130000] aguardando check_done_i
Rodada atual: 40
[19370000] check_done_i RECEBIDO
[19380000] aguardando start transaction e clock
[19380000] Checker pronto para a proxima!
[19450000] start transaction e clock recebidos
[19480000] aguardando check_done_i
Rodada atual: 41
[19530000] check_done_i RECEBIDO
[19540000] aguardando start transaction e clock
[19540000] Checker pronto para a proxima!
[19650000] start transaction e clock recebidos
[19680000] aguardando check_done_i
Rodada atual: 42
[19730000] check_done_i RECEBIDO
[19740000] aguardando start transaction e clock
[19740000] Checker pronto para a proxima!
[20180000] start transaction e clock recebidos
[20190000] aguardando check_done_i
Rodada atual: 43
[20240000] check_done_i RECEBIDO
[20250000] aguardando start transaction e clock
[20250000] Checker pronto para a proxima!
[20270000] start transaction e clock recebidos
[20330000] aguardando check_done_i
Rodada atual: 44
[20470000] check_done_i RECEBIDO
[20480000] aguardando start transaction e clock
[20480000] Checker pronto para a proxima!
[20500000] start transaction e clock recebidos
[20560000] aguardando check_done_i
Rodada atual: 45
[20680000] check_done_i RECEBIDO
[20690000] aguardando start transaction e clock
[20690000] Checker pronto para a proxima!
[21650000] start transaction e clock recebidos
[21660000] aguardando check_done_i
Rodada atual: 46
[21710000] check_done_i RECEBIDO
[21720000] aguardando start transaction e clock
[21720000] Checker pronto para a proxima!
[21740000] start transaction e clock recebidos
[21800000] aguardando check_done_i
Rodada atual: 47
[21930000] check_done_i RECEBIDO
[21940000] aguardando start transaction e clock
[21940000] Checker pronto para a proxima!
[21960000] start transaction e clock recebidos
[21980000] aguardando check_done_i
Rodada atual: 48
[22200000] check_done_i RECEBIDO
[22210000] aguardando start transaction e clock
[22210000] Checker pronto para a proxima!
[22470000] start transaction e clock recebidos
[22480000] aguardando check_done_i
Rodada atual: 49
[22530000] check_done_i RECEBIDO
[22540000] aguardando start transaction e clock
[22540000] Checker pronto para a proxima!
[23190000] start transaction e clock recebidos
[23200000] aguardando check_done_i
Rodada atual: 50
[23250000] check_done_i RECEBIDO
[23260000] aguardando start transaction e clock
[23260000] Checker pronto para a proxima!
[24100000] start transaction e clock recebidos
[24130000] aguardando check_done_i
Rodada atual: 51
[24180000] check_done_i RECEBIDO
[24190000] aguardando start transaction e clock
[24190000] Checker pronto para a proxima!
[24700000] start transaction e clock recebidos
[24730000] aguardando check_done_i
Rodada atual: 52
[24780000] check_done_i RECEBIDO
[24790000] aguardando start transaction e clock
[24790000] Checker pronto para a proxima!
[24810000] start transaction e clock recebidos
[24830000] aguardando check_done_i
Rodada atual: 53
[25000000] check_done_i RECEBIDO
[25010000] aguardando start transaction e clock
[25010000] Checker pronto para a proxima!
[25030000] start transaction e clock recebidos
[25670000] aguardando check_done_i
Rodada atual: 54
[25790000] check_done_i RECEBIDO
[25800000] aguardando start transaction e clock
[25800000] Checker pronto para a proxima!
[25820000] start transaction e clock recebidos
[26040000] aguardando check_done_i
Rodada atual: 55
[26130000] check_done_i RECEBIDO
[26140000] aguardando start transaction e clock
[26140000] Checker pronto para a proxima!
[26160000] start transaction e clock recebidos
[26940000] aguardando check_done_i
Rodada atual: 56
[27030000] check_done_i RECEBIDO
[27040000] aguardando start transaction e clock
[27040000] Checker pronto para a proxima!
[27060000] start transaction e clock recebidos
[27860000] aguardando check_done_i
Rodada atual: 57
[28020000] check_done_i RECEBIDO
[28030000] aguardando start transaction e clock
[28030000] Checker pronto para a proxima!
[28050000] start transaction e clock recebidos
[28070000] aguardando check_done_i
Rodada atual: 58
[28350000] check_done_i RECEBIDO
[28360000] aguardando start transaction e clock
[28360000] Checker pronto para a proxima!
[29050000] start transaction e clock recebidos
[29060000] aguardando check_done_i
Rodada atual: 59
[29110000] check_done_i RECEBIDO
[29120000] aguardando start transaction e clock
[29120000] Checker pronto para a proxima!
[29140000] start transaction e clock recebidos
[29200000] aguardando check_done_i
Rodada atual: 60
[29310000] check_done_i RECEBIDO
[29320000] aguardando start transaction e clock
[29320000] Checker pronto para a proxima!
[29340000] start transaction e clock recebidos
[29370000] aguardando check_done_i
Rodada atual: 61
[29620000] check_done_i RECEBIDO
[29630000] aguardando start transaction e clock
[29630000] Checker pronto para a proxima!
[30390000] start transaction e clock recebidos
[30400000] aguardando check_done_i
Rodada atual: 62
[30450000] check_done_i RECEBIDO
[30460000] aguardando start transaction e clock
[30460000] Checker pronto para a proxima!
[30480000] start transaction e clock recebidos
[30500000] aguardando check_done_i
Rodada atual: 63
[30540000] check_done_i RECEBIDO
[30550000] aguardando start transaction e clock
[30550000] Checker pronto para a proxima!
[30570000] start transaction e clock recebidos
[30630000] aguardando check_done_i
Rodada atual: 64
[30770000] check_done_i RECEBIDO
[30780000] aguardando start transaction e clock
[30780000] Checker pronto para a proxima!
[30800000] start transaction e clock recebidos
[31400000] aguardando check_done_i
Rodada atual: 65
[31530000] check_done_i RECEBIDO
[31540000] aguardando start transaction e clock
[31540000] Checker pronto para a proxima!
[31560000] start transaction e clock recebidos
[31790000] aguardando check_done_i
Rodada atual: 66
[31920000] check_done_i RECEBIDO
[31930000] aguardando start transaction e clock
[31930000] Checker pronto para a proxima!
[31950000] start transaction e clock recebidos
[31970000] aguardando check_done_i
Rodada atual: 67
[32080000] check_done_i RECEBIDO
[32090000] aguardando start transaction e clock
[32090000] Checker pronto para a proxima!
[32410000] start transaction e clock recebidos
[32420000] aguardando check_done_i
Rodada atual: 68
[32470000] check_done_i RECEBIDO
[32480000] aguardando start transaction e clock
[32480000] Checker pronto para a proxima!
[32500000] start transaction e clock recebidos
[32630000] aguardando check_done_i
Rodada atual: 69
[32780000] check_done_i RECEBIDO
[32790000] aguardando start transaction e clock
[32790000] Checker pronto para a proxima!
[32910000] start transaction e clock recebidos
[32920000] aguardando check_done_i
Rodada atual: 70
[32970000] check_done_i RECEBIDO
[32980000] aguardando start transaction e clock
[32980000] Checker pronto para a proxima!
[33000000] start transaction e clock recebidos
[33030000] aguardando check_done_i
Rodada atual: 71
[33130000] check_done_i RECEBIDO
[33140000] aguardando start transaction e clock
[33140000] Checker pronto para a proxima!
[33160000] start transaction e clock recebidos
[33180000] aguardando check_done_i
Rodada atual: 72
[33710000] check_done_i RECEBIDO
[33720000] aguardando start transaction e clock
[33720000] Checker pronto para a proxima!
[34720000] start transaction e clock recebidos
[34750000] aguardando check_done_i
Rodada atual: 73
[34800000] check_done_i RECEBIDO
[34810000] aguardando start transaction e clock
[34810000] Checker pronto para a proxima!
[34830000] start transaction e clock recebidos
[34860000] aguardando check_done_i
Rodada atual: 74
[34960000] check_done_i RECEBIDO
[34970000] aguardando start transaction e clock
[34970000] Checker pronto para a proxima!
[34990000] start transaction e clock recebidos
[35010000] aguardando check_done_i
Rodada atual: 75
[35140000] check_done_i RECEBIDO
[35150000] aguardando start transaction e clock
[35150000] Checker pronto para a proxima!
[35170000] start transaction e clock recebidos
[35190000] aguardando check_done_i
Rodada atual: 76
[35320000] check_done_i RECEBIDO
[35330000] aguardando start transaction e clock
[35330000] Checker pronto para a proxima!
[36190000] start transaction e clock recebidos
[36200000] aguardando check_done_i
Rodada atual: 77
[36250000] check_done_i RECEBIDO
[36260000] aguardando start transaction e clock
[36260000] Checker pronto para a proxima!
[36280000] start transaction e clock recebidos
[36340000] aguardando check_done_i
Rodada atual: 78
[36480000] check_done_i RECEBIDO
[36490000] aguardando start transaction e clock
[36490000] Checker pronto para a proxima!
[37000000] start transaction e clock recebidos
[37010000] aguardando check_done_i
Rodada atual: 79
[37060000] check_done_i RECEBIDO
[37070000] aguardando start transaction e clock
[37070000] Checker pronto para a proxima!
[37090000] start transaction e clock recebidos
[37340000] aguardando check_done_i
Rodada atual: 80
[37430000] check_done_i RECEBIDO
[37440000] aguardando start transaction e clock
[37440000] Checker pronto para a proxima!
[37460000] start transaction e clock recebidos
[37480000] aguardando check_done_i
Rodada atual: 81
[38450000] check_done_i RECEBIDO
[38460000] aguardando start transaction e clock
[38460000] Checker pronto para a proxima!
[38480000] start transaction e clock recebidos
[38500000] aguardando check_done_i
Rodada atual: 82
[39330000] check_done_i RECEBIDO
[39340000] aguardando start transaction e clock
[39340000] Checker pronto para a proxima!
[39360000] start transaction e clock recebidos
[39770000] aguardando check_done_i
Rodada atual: 83
[39880000] check_done_i RECEBIDO
[39890000] aguardando start transaction e clock
[39890000] Checker pronto para a proxima!
[40680000] start transaction e clock recebidos
[40690000] aguardando check_done_i
Rodada atual: 84
[40740000] check_done_i RECEBIDO
[40750000] aguardando start transaction e clock
[40750000] Checker pronto para a proxima!
[40770000] start transaction e clock recebidos
[40790000] aguardando check_done_i
Rodada atual: 85
[40970000] check_done_i RECEBIDO
[40980000] aguardando start transaction e clock
[40980000] Checker pronto para a proxima!
[41000000] start transaction e clock recebidos
[41720000] aguardando check_done_i
Rodada atual: 86
[41840000] check_done_i RECEBIDO
[41850000] aguardando start transaction e clock
[41850000] Checker pronto para a proxima!
[41870000] start transaction e clock recebidos
[41900000] aguardando check_done_i
Rodada atual: 87
[42020000] check_done_i RECEBIDO
[42030000] aguardando start transaction e clock
[42030000] Checker pronto para a proxima!
[42050000] start transaction e clock recebidos
[42080000] aguardando check_done_i
Rodada atual: 88
[42180000] check_done_i RECEBIDO
[42190000] aguardando start transaction e clock
[42190000] Checker pronto para a proxima!
[42210000] start transaction e clock recebidos
[42230000] aguardando check_done_i
Rodada atual: 89
[42400000] check_done_i RECEBIDO
[42410000] aguardando start transaction e clock
[42410000] Checker pronto para a proxima!
[42690000] start transaction e clock recebidos
[42700000] aguardando check_done_i
Rodada atual: 90
[42750000] check_done_i RECEBIDO
[42760000] aguardando start transaction e clock
[42760000] Checker pronto para a proxima!
[42780000] start transaction e clock recebidos
[42840000] aguardando check_done_i
Rodada atual: 91
[42920000] check_done_i RECEBIDO
[42930000] aguardando start transaction e clock
[42930000] Checker pronto para a proxima!
[42950000] start transaction e clock recebidos
[42970000] aguardando check_done_i
Rodada atual: 92
[43580000] check_done_i RECEBIDO
[43590000] aguardando start transaction e clock
[43590000] Checker pronto para a proxima!
[43610000] start transaction e clock recebidos
[43630000] aguardando check_done_i
Rodada atual: 93
[44230000] check_done_i RECEBIDO
[44240000] aguardando start transaction e clock
[44240000] Checker pronto para a proxima!
[44260000] start transaction e clock recebidos
[44280000] aguardando check_done_i
Rodada atual: 94
[44980000] check_done_i RECEBIDO
[44990000] aguardando start transaction e clock
[44990000] Checker pronto para a proxima!
[45010000] start transaction e clock recebidos
[45030000] aguardando check_done_i
Rodada atual: 95
[45200000] check_done_i RECEBIDO
[45210000] aguardando start transaction e clock
[45210000] Checker pronto para a proxima!
[46220000] start transaction e clock recebidos
[46250000] aguardando check_done_i
Rodada atual: 96
[46300000] check_done_i RECEBIDO
[46310000] aguardando start transaction e clock
[46310000] Checker pronto para a proxima!
[46330000] start transaction e clock recebidos
[46350000] aguardando check_done_i
Rodada atual: 97
[46560000] check_done_i RECEBIDO
[46570000] aguardando start transaction e clock
[46570000] Checker pronto para a proxima!
[46590000] start transaction e clock recebidos
[46610000] aguardando check_done_i
Rodada atual: 98
[47460000] check_done_i RECEBIDO
[47470000] aguardando start transaction e clock
[47470000] Checker pronto para a proxima!
[48150000] start transaction e clock recebidos
[48160000] aguardando check_done_i
Rodada atual: 99
[48210000] check_done_i RECEBIDO
[48220000] aguardando start transaction e clock
[48220000] Checker pronto para a proxima!
[48240000] start transaction e clock recebidos
[48260000] aguardando check_done_i
Rodada atual: 100
[48410000] check_done_i RECEBIDO
[48420000] aguardando start transaction e clock
[48420000] Checker pronto para a proxima!
[48440000] start transaction e clock recebidos
[48460000] aguardando check_done_i
Rodada atual: 101
[48580000] check_done_i RECEBIDO
[48590000] aguardando start transaction e clock
[48590000] Checker pronto para a proxima!
[48800000] start transaction e clock recebidos
[48810000] aguardando check_done_i
Rodada atual: 102
[48860000] check_done_i RECEBIDO
[48870000] aguardando start transaction e clock
[48870000] Checker pronto para a proxima!
[49780000] start transaction e clock recebidos
[49790000] aguardando check_done_i
Rodada atual: 103
[49840000] check_done_i RECEBIDO
[49850000] aguardando start transaction e clock
[49850000] Checker pronto para a proxima!
[49870000] start transaction e clock recebidos
[49930000] aguardando check_done_i
Rodada atual: 104
[50100000] check_done_i RECEBIDO
[50110000] aguardando start transaction e clock
[50110000] Checker pronto para a proxima!
[50870000] start transaction e clock recebidos
[50880000] aguardando check_done_i
Rodada atual: 105
[50930000] check_done_i RECEBIDO
[50940000] aguardando start transaction e clock
[50940000] Checker pronto para a proxima!
[51110000] start transaction e clock recebidos
[51140000] aguardando check_done_i
Rodada atual: 106
[51190000] check_done_i RECEBIDO
[51200000] aguardando start transaction e clock
[51200000] Checker pronto para a proxima!
[51590000] start transaction e clock recebidos
[51600000] aguardando check_done_i
Rodada atual: 107
[51650000] check_done_i RECEBIDO
[51660000] aguardando start transaction e clock
[51660000] Checker pronto para a proxima!
[52620000] start transaction e clock recebidos
[52630000] aguardando check_done_i
Rodada atual: 108
[52680000] check_done_i RECEBIDO
[52690000] aguardando start transaction e clock
[52690000] Checker pronto para a proxima!
[52820000] start transaction e clock recebidos
[52830000] aguardando check_done_i
Rodada atual: 109
[52880000] check_done_i RECEBIDO
[52890000] aguardando start transaction e clock
[52890000] Checker pronto para a proxima!
[52910000] start transaction e clock recebidos
[52930000] aguardando check_done_i
Rodada atual: 110
[53100000] check_done_i RECEBIDO
[53110000] aguardando start transaction e clock
[53110000] Checker pronto para a proxima!
[53130000] start transaction e clock recebidos
[53150000] aguardando check_done_i
Rodada atual: 111
[53830000] check_done_i RECEBIDO
[53840000] aguardando start transaction e clock
[53840000] Checker pronto para a proxima!
[53860000] start transaction e clock recebidos
[53920000] aguardando check_done_i
Rodada atual: 112
[54060000] check_done_i RECEBIDO
[54070000] aguardando start transaction e clock
[54070000] Checker pronto para a proxima!
[54090000] start transaction e clock recebidos
[54110000] aguardando check_done_i
Rodada atual: 113
[54800000] check_done_i RECEBIDO
[54810000] aguardando start transaction e clock
[54810000] Checker pronto para a proxima!
[54830000] start transaction e clock recebidos
[54850000] aguardando check_done_i
Rodada atual: 114
[55210000] check_done_i RECEBIDO
[55220000] aguardando start transaction e clock
[55220000] Checker pronto para a proxima!
[55460000] start transaction e clock recebidos
[55470000] aguardando check_done_i
Rodada atual: 115
[55520000] check_done_i RECEBIDO
[55530000] aguardando start transaction e clock
[55530000] Checker pronto para a proxima!
[55550000] start transaction e clock recebidos
[55570000] aguardando check_done_i
Rodada atual: 116
[55820000] check_done_i RECEBIDO
[55830000] aguardando start transaction e clock
[55830000] Checker pronto para a proxima!
[55850000] start transaction e clock recebidos
[56290000] aguardando check_done_i
Rodada atual: 117
[56400000] check_done_i RECEBIDO
[56410000] aguardando start transaction e clock
[56410000] Checker pronto para a proxima!
[56430000] start transaction e clock recebidos
[56460000] aguardando check_done_i
Rodada atual: 118
[56710000] check_done_i RECEBIDO
[56720000] aguardando start transaction e clock
[56720000] Checker pronto para a proxima!
[56740000] start transaction e clock recebidos
[57110000] aguardando check_done_i
Rodada atual: 119
[57220000] check_done_i RECEBIDO
[57230000] aguardando start transaction e clock
[57230000] Checker pronto para a proxima!
[57250000] start transaction e clock recebidos
[57780000] aguardando check_done_i
Rodada atual: 120
[57890000] check_done_i RECEBIDO
[57900000] aguardando start transaction e clock
[57900000] Checker pronto para a proxima!
[58070000] start transaction e clock recebidos
[58080000] aguardando check_done_i
Rodada atual: 121
[58130000] check_done_i RECEBIDO
[58140000] aguardando start transaction e clock
[58140000] Checker pronto para a proxima!
[58160000] start transaction e clock recebidos
[58180000] aguardando check_done_i
Rodada atual: 122
[58450000] check_done_i RECEBIDO
[58460000] aguardando start transaction e clock
[58460000] Checker pronto para a proxima!
[58480000] start transaction e clock recebidos
[58540000] aguardando check_done_i
Rodada atual: 123
[58650000] check_done_i RECEBIDO
[58660000] aguardando start transaction e clock
[58660000] Checker pronto para a proxima!
[58680000] start transaction e clock recebidos
[58710000] aguardando check_done_i
Rodada atual: 124
[58940000] check_done_i RECEBIDO
[58950000] aguardando start transaction e clock
[58950000] Checker pronto para a proxima!
[59110000] start transaction e clock recebidos
[59120000] aguardando check_done_i
Rodada atual: 125
[59170000] check_done_i RECEBIDO
[59180000] aguardando start transaction e clock
[59180000] Checker pronto para a proxima!
[59200000] start transaction e clock recebidos
[59260000] aguardando check_done_i
Rodada atual: 126
[59400000] check_done_i RECEBIDO
[59410000] aguardando start transaction e clock
[59410000] Checker pronto para a proxima!
[59430000] start transaction e clock recebidos
[60000000] aguardando check_done_i
Rodada atual: 127
[60110000] check_done_i RECEBIDO
[60120000] aguardando start transaction e clock
[60120000] Checker pronto para a proxima!
[60140000] start transaction e clock recebidos
[60200000] aguardando check_done_i
Rodada atual: 128
[60320000] check_done_i RECEBIDO
[60330000] aguardando start transaction e clock
[60330000] Checker pronto para a proxima!
[60350000] start transaction e clock recebidos
[60370000] aguardando check_done_i
Rodada atual: 129
[60560000] check_done_i RECEBIDO
[60570000] aguardando start transaction e clock
[60570000] Checker pronto para a proxima!
[60690000] start transaction e clock recebidos
[60700000] aguardando check_done_i
Rodada atual: 130
[60750000] check_done_i RECEBIDO
[60760000] aguardando start transaction e clock
[60760000] Checker pronto para a proxima!
[60780000] start transaction e clock recebidos
[60800000] aguardando check_done_i
Rodada atual: 131
[60930000] check_done_i RECEBIDO
[60940000] aguardando start transaction e clock
[60940000] Checker pronto para a proxima!
[60960000] start transaction e clock recebidos
[61020000] aguardando check_done_i
Rodada atual: 132
[61180000] check_done_i RECEBIDO
[61190000] aguardando start transaction e clock
[61190000] Checker pronto para a proxima!
[61210000] start transaction e clock recebidos
[61230000] aguardando check_done_i
Rodada atual: 133
[61700000] check_done_i RECEBIDO
[61710000] aguardando start transaction e clock
[61710000] Checker pronto para a proxima!
[62320000] start transaction e clock recebidos
[62330000] aguardando check_done_i
Rodada atual: 134
[62380000] check_done_i RECEBIDO
[62390000] aguardando start transaction e clock
[62390000] Checker pronto para a proxima!
[63230000] start transaction e clock recebidos
[63260000] aguardando check_done_i
Rodada atual: 135
[63310000] check_done_i RECEBIDO
[63320000] aguardando start transaction e clock
[63320000] Checker pronto para a proxima!
[63340000] start transaction e clock recebidos
[63360000] aguardando check_done_i
Rodada atual: 136
[63530000] check_done_i RECEBIDO
[63540000] aguardando start transaction e clock
[63540000] Checker pronto para a proxima!
[63560000] start transaction e clock recebidos
[64010000] aguardando check_done_i
Rodada atual: 137
[64150000] check_done_i RECEBIDO
[64160000] aguardando start transaction e clock
[64160000] Checker pronto para a proxima!
[64180000] start transaction e clock recebidos
[64210000] aguardando check_done_i
Rodada atual: 138
[64250000] check_done_i RECEBIDO
[64260000] aguardando start transaction e clock
[64260000] Checker pronto para a proxima!
[64280000] start transaction e clock recebidos
[64460000] aguardando check_done_i
Rodada atual: 139
[64500000] check_done_i RECEBIDO
[64510000] aguardando start transaction e clock
[64510000] Checker pronto para a proxima!
[64530000] start transaction e clock recebidos
[64550000] aguardando check_done_i
Rodada atual: 140
[64620000] check_done_i RECEBIDO
[64630000] aguardando start transaction e clock
[64630000] Checker pronto para a proxima!
[64650000] start transaction e clock recebidos
[64670000] aguardando check_done_i
Rodada atual: 141
[65060000] check_done_i RECEBIDO
[65070000] aguardando start transaction e clock
[65070000] Checker pronto para a proxima!
[65090000] start transaction e clock recebidos
[65800000] aguardando check_done_i
Rodada atual: 142
[65900000] check_done_i RECEBIDO
[65910000] aguardando start transaction e clock
[65910000] Checker pronto para a proxima!
[65930000] start transaction e clock recebidos
[65960000] aguardando check_done_i
Rodada atual: 143
[66170000] check_done_i RECEBIDO
[66180000] aguardando start transaction e clock
[66180000] Checker pronto para a proxima!
[66370000] start transaction e clock recebidos
[66380000] aguardando check_done_i
Rodada atual: 144
[66430000] check_done_i RECEBIDO
[66440000] aguardando start transaction e clock
[66440000] Checker pronto para a proxima!
[66460000] start transaction e clock recebidos
[66800000] aguardando check_done_i
Rodada atual: 145
[66960000] check_done_i RECEBIDO
[66970000] aguardando start transaction e clock
[66970000] Checker pronto para a proxima!
[67500000] start transaction e clock recebidos
[67510000] aguardando check_done_i
Rodada atual: 146
[67560000] check_done_i RECEBIDO
[67570000] aguardando start transaction e clock
[67570000] Checker pronto para a proxima!
[67590000] start transaction e clock recebidos
[67650000] aguardando check_done_i
Rodada atual: 147
[67770000] check_done_i RECEBIDO
[67780000] aguardando start transaction e clock
[67780000] Checker pronto para a proxima!
[67800000] start transaction e clock recebidos
[67860000] aguardando check_done_i
Rodada atual: 148
[68010000] check_done_i RECEBIDO
[68020000] aguardando start transaction e clock
[68020000] Checker pronto para a proxima!
[68180000] start transaction e clock recebidos
[68210000] aguardando check_done_i
Rodada atual: 149
[68260000] check_done_i RECEBIDO
[68270000] aguardando start transaction e clock
[68270000] Checker pronto para a proxima!
[68530000] start transaction e clock recebidos
[68540000] aguardando check_done_i
Rodada atual: 150
[68590000] check_done_i RECEBIDO
[68600000] aguardando start transaction e clock
[68600000] Checker pronto para a proxima!
[68620000] start transaction e clock recebidos
[68640000] aguardando check_done_i
Rodada atual: 151
[68780000] check_done_i RECEBIDO
[68790000] aguardando start transaction e clock
[68790000] Checker pronto para a proxima!
[68810000] start transaction e clock recebidos
[69690000] aguardando check_done_i
Rodada atual: 152
[69780000] check_done_i RECEBIDO
[69790000] aguardando start transaction e clock
[69790000] Checker pronto para a proxima!
[69810000] start transaction e clock recebidos
[69830000] aguardando check_done_i
Rodada atual: 153
[69870000] check_done_i RECEBIDO
[69880000] aguardando start transaction e clock
[69880000] Checker pronto para a proxima!
[69900000] start transaction e clock recebidos
[69930000] aguardando check_done_i
Rodada atual: 154
[69970000] check_done_i RECEBIDO
[69980000] aguardando start transaction e clock
[69980000] Checker pronto para a proxima!
[70570000] start transaction e clock recebidos
[70600000] aguardando check_done_i
Rodada atual: 155
[70650000] check_done_i RECEBIDO
[70660000] aguardando start transaction e clock
[70660000] Checker pronto para a proxima!
[71660000] start transaction e clock recebidos
[71670000] aguardando check_done_i
Rodada atual: 156
[71720000] check_done_i RECEBIDO
[71730000] aguardando start transaction e clock
[71730000] Checker pronto para a proxima!
[71750000] start transaction e clock recebidos
[71810000] aguardando check_done_i
Rodada atual: 157
[71960000] check_done_i RECEBIDO
[71970000] aguardando start transaction e clock
[71970000] Checker pronto para a proxima!
[72230000] start transaction e clock recebidos
[72240000] aguardando check_done_i
Rodada atual: 158
[72290000] check_done_i RECEBIDO
[72300000] aguardando start transaction e clock
[72300000] Checker pronto para a proxima!
[73100000] start transaction e clock recebidos
[73130000] aguardando check_done_i
Rodada atual: 159
[73180000] check_done_i RECEBIDO
[73190000] aguardando start transaction e clock
[73190000] Checker pronto para a proxima!
[73250000] start transaction e clock recebidos
[73260000] aguardando check_done_i
Rodada atual: 160
[73310000] check_done_i RECEBIDO
[73320000] aguardando start transaction e clock
[73320000] Checker pronto para a proxima!
[73720000] start transaction e clock recebidos
[73750000] aguardando check_done_i
Rodada atual: 161
[73800000] check_done_i RECEBIDO
[73810000] aguardando start transaction e clock
[73810000] Checker pronto para a proxima!
[73830000] start transaction e clock recebidos
[73850000] aguardando check_done_i
Rodada atual: 162
[74010000] check_done_i RECEBIDO
[74020000] aguardando start transaction e clock
[74020000] Checker pronto para a proxima!
[74730000] start transaction e clock recebidos
[74740000] aguardando check_done_i
Rodada atual: 163
[74790000] check_done_i RECEBIDO
[74800000] aguardando start transaction e clock
[74800000] Checker pronto para a proxima!
[74820000] start transaction e clock recebidos
[74880000] aguardando check_done_i
Rodada atual: 164
[75000000] check_done_i RECEBIDO
[75010000] aguardando start transaction e clock
[75010000] Checker pronto para a proxima!
[75030000] start transaction e clock recebidos
[75050000] aguardando check_done_i
Rodada atual: 165
[76030000] check_done_i RECEBIDO
[76040000] aguardando start transaction e clock
[76040000] Checker pronto para a proxima!
[76740000] start transaction e clock recebidos
[76750000] aguardando check_done_i
Rodada atual: 166
[76800000] check_done_i RECEBIDO
[76810000] aguardando start transaction e clock
[76810000] Checker pronto para a proxima!
[76830000] start transaction e clock recebidos
[76890000] aguardando check_done_i
Rodada atual: 167
[77050000] check_done_i RECEBIDO
[77060000] aguardando start transaction e clock
[77060000] Checker pronto para a proxima!
[77080000] start transaction e clock recebidos
[77400000] aguardando check_done_i
Rodada atual: 168
[77560000] check_done_i RECEBIDO
[77570000] aguardando start transaction e clock
[77570000] Checker pronto para a proxima!
[77590000] start transaction e clock recebidos
[77610000] aguardando check_done_i
Rodada atual: 169
[77840000] check_done_i RECEBIDO
[77850000] aguardando start transaction e clock
[77850000] Checker pronto para a proxima!
[77870000] start transaction e clock recebidos
[77890000] aguardando check_done_i
Rodada atual: 170
[78830000] check_done_i RECEBIDO
[78840000] aguardando start transaction e clock
[78840000] Checker pronto para a proxima!
[79650000] start transaction e clock recebidos
[79660000] aguardando check_done_i
Rodada atual: 171
[79710000] check_done_i RECEBIDO
[79720000] aguardando start transaction e clock
[79720000] Checker pronto para a proxima!
[79740000] start transaction e clock recebidos
[79800000] aguardando check_done_i
Rodada atual: 172
[79910000] check_done_i RECEBIDO
[79920000] aguardando start transaction e clock
[79920000] Checker pronto para a proxima!
[80080000] start transaction e clock recebidos
[80090000] aguardando check_done_i
Rodada atual: 173
[80140000] check_done_i RECEBIDO
[80150000] aguardando start transaction e clock
[80150000] Checker pronto para a proxima!
[80170000] start transaction e clock recebidos
[80230000] aguardando check_done_i
Rodada atual: 174
[80380000] check_done_i RECEBIDO
[80390000] aguardando start transaction e clock
[80390000] Checker pronto para a proxima!
[81170000] start transaction e clock recebidos
[81200000] aguardando check_done_i
Rodada atual: 175
[81250000] check_done_i RECEBIDO
[81260000] aguardando start transaction e clock
[81260000] Checker pronto para a proxima!
[81280000] start transaction e clock recebidos
[81300000] aguardando check_done_i
Rodada atual: 176
[81460000] check_done_i RECEBIDO
[81470000] aguardando start transaction e clock
[81470000] Checker pronto para a proxima!
[81750000] start transaction e clock recebidos
[81760000] aguardando check_done_i
Rodada atual: 177
[81810000] check_done_i RECEBIDO
[81820000] aguardando start transaction e clock
[81820000] Checker pronto para a proxima!
[81840000] start transaction e clock recebidos
[81900000] aguardando check_done_i
Rodada atual: 178
[82010000] check_done_i RECEBIDO
[82020000] aguardando start transaction e clock
[82020000] Checker pronto para a proxima!
[82040000] start transaction e clock recebidos
[82060000] aguardando check_done_i
Rodada atual: 179
[82470000] check_done_i RECEBIDO
[82480000] aguardando start transaction e clock
[82480000] Checker pronto para a proxima!
[82500000] start transaction e clock recebidos
[82710000] aguardando check_done_i
Rodada atual: 180
[82840000] check_done_i RECEBIDO
[82850000] aguardando start transaction e clock
[82850000] Checker pronto para a proxima!
[83670000] start transaction e clock recebidos
[83720000] aguardando check_done_i
Rodada atual: 181
[83770000] check_done_i RECEBIDO
[83780000] aguardando start transaction e clock
[83780000] Checker pronto para a proxima!
[83800000] start transaction e clock recebidos
[83820000] aguardando check_done_i
Rodada atual: 182
[83940000] check_done_i RECEBIDO
[83950000] aguardando start transaction e clock
[83950000] Checker pronto para a proxima!
[83970000] start transaction e clock recebidos
[84070000] aguardando check_done_i
Rodada atual: 183
[84240000] check_done_i RECEBIDO
[84250000] aguardando start transaction e clock
[84250000] Checker pronto para a proxima!
[84480000] start transaction e clock recebidos
[84490000] aguardando check_done_i
Rodada atual: 184
[84540000] check_done_i RECEBIDO
[84550000] aguardando start transaction e clock
[84550000] Checker pronto para a proxima!
[84570000] start transaction e clock recebidos
[84630000] aguardando check_done_i
Rodada atual: 185
[84740000] check_done_i RECEBIDO
[84750000] aguardando start transaction e clock
[84750000] Checker pronto para a proxima!
[84770000] start transaction e clock recebidos
[85340000] aguardando check_done_i
Rodada atual: 186
[85470000] check_done_i RECEBIDO
[85480000] aguardando start transaction e clock
[85480000] Checker pronto para a proxima!
[85500000] start transaction e clock recebidos
[85520000] aguardando check_done_i
Rodada atual: 187
[85790000] check_done_i RECEBIDO
[85800000] aguardando start transaction e clock
[85800000] Checker pronto para a proxima!
[85820000] start transaction e clock recebidos
[86110000] aguardando check_done_i
Rodada atual: 188
[86270000] check_done_i RECEBIDO
[86280000] aguardando start transaction e clock
[86280000] Checker pronto para a proxima!
[86300000] start transaction e clock recebidos
[86980000] aguardando check_done_i
Rodada atual: 189
[87120000] check_done_i RECEBIDO
[87130000] aguardando start transaction e clock
[87130000] Checker pronto para a proxima!
[87170000] start transaction e clock recebidos
[87180000] aguardando check_done_i
Rodada atual: 190
[87230000] check_done_i RECEBIDO
[87240000] aguardando start transaction e clock
[87240000] Checker pronto para a proxima!
[87260000] start transaction e clock recebidos
[87280000] aguardando check_done_i
Rodada atual: 191
[87460000] check_done_i RECEBIDO
[87470000] aguardando start transaction e clock
[87470000] Checker pronto para a proxima!
[87490000] start transaction e clock recebidos
[87510000] aguardando check_done_i
Rodada atual: 192
[88280000] check_done_i RECEBIDO
[88290000] aguardando start transaction e clock
[88290000] Checker pronto para a proxima!
[88310000] start transaction e clock recebidos
[88330000] aguardando check_done_i
Rodada atual: 193
[88880000] check_done_i RECEBIDO
[88890000] aguardando start transaction e clock
[88890000] Checker pronto para a proxima!
[89460000] start transaction e clock recebidos
[89490000] aguardando check_done_i
Rodada atual: 194
[89540000] check_done_i RECEBIDO
[89550000] aguardando start transaction e clock
[89550000] Checker pronto para a proxima!
[89910000] start transaction e clock recebidos
[89920000] aguardando check_done_i
Rodada atual: 195
[89970000] check_done_i RECEBIDO
[89980000] aguardando start transaction e clock
[89980000] Checker pronto para a proxima!
[90640000] start transaction e clock recebidos
[90670000] aguardando check_done_i
Rodada atual: 196
[90720000] check_done_i RECEBIDO
[90730000] aguardando start transaction e clock
[90730000] Checker pronto para a proxima!
[91320000] start transaction e clock recebidos
[91330000] aguardando check_done_i
Rodada atual: 197
[91380000] check_done_i RECEBIDO
[91390000] aguardando start transaction e clock
[91390000] Checker pronto para a proxima!
[91410000] start transaction e clock recebidos
[91430000] aguardando check_done_i
Rodada atual: 198
[91580000] check_done_i RECEBIDO
[91590000] aguardando start transaction e clock
[91590000] Checker pronto para a proxima!
[91610000] start transaction e clock recebidos
[91860000] aguardando check_done_i
Rodada atual: 199
[92020000] check_done_i RECEBIDO
[92030000] aguardando start transaction e clock
[92030000] Checker pronto para a proxima!
[92260000] start transaction e clock recebidos
[92290000] aguardando check_done_i
Rodada atual: 200
[92340000] check_done_i RECEBIDO
[92350000] aguardando start transaction e clock
[92350000] Checker pronto para a proxima!
[92370000] start transaction e clock recebidos
[92390000] aguardando check_done_i
Rodada atual: 201
[92790000] check_done_i RECEBIDO
[92800000] aguardando start transaction e clock
[92800000] Checker pronto para a proxima!
[93090000] start transaction e clock recebidos
[93100000] aguardando check_done_i
Rodada atual: 202
[93150000] check_done_i RECEBIDO
[93160000] aguardando start transaction e clock
[93160000] Checker pronto para a proxima!
[93180000] start transaction e clock recebidos
[93210000] aguardando check_done_i
Rodada atual: 203
[93250000] check_done_i RECEBIDO
[93260000] aguardando start transaction e clock
[93260000] Checker pronto para a proxima!
[93280000] start transaction e clock recebidos
[93660000] aguardando check_done_i
Rodada atual: 204
[93780000] check_done_i RECEBIDO
[93790000] aguardando start transaction e clock
[93790000] Checker pronto para a proxima!
[94650000] start transaction e clock recebidos
[94680000] aguardando check_done_i
Rodada atual: 205
[94730000] check_done_i RECEBIDO
[94740000] aguardando start transaction e clock
[94740000] Checker pronto para a proxima!
[94760000] start transaction e clock recebidos
[94820000] aguardando check_done_i
Rodada atual: 206
[94930000] check_done_i RECEBIDO
[94940000] aguardando start transaction e clock
[94940000] Checker pronto para a proxima!
[94960000] start transaction e clock recebidos
[94980000] aguardando check_done_i
Rodada atual: 207
[95830000] check_done_i RECEBIDO
[95840000] aguardando start transaction e clock
[95840000] Checker pronto para a proxima!
[96030000] start transaction e clock recebidos
[96040000] aguardando check_done_i
Rodada atual: 208
[96090000] check_done_i RECEBIDO
[96100000] aguardando start transaction e clock
[96100000] Checker pronto para a proxima!
[96120000] start transaction e clock recebidos
[96140000] aguardando check_done_i
Rodada atual: 209
[96850000] check_done_i RECEBIDO
[96860000] aguardando start transaction e clock
[96860000] Checker pronto para a proxima!
[96880000] start transaction e clock recebidos
[97510000] aguardando check_done_i
Rodada atual: 210
[97650000] check_done_i RECEBIDO
[97660000] aguardando start transaction e clock
[97660000] Checker pronto para a proxima!
[97680000] start transaction e clock recebidos
[97840000] aguardando check_done_i
Rodada atual: 211
[97970000] check_done_i RECEBIDO
[97980000] aguardando start transaction e clock
[97980000] Checker pronto para a proxima!
[98000000] start transaction e clock recebidos
[98850000] aguardando check_done_i
Rodada atual: 212
[98970000] check_done_i RECEBIDO
[98980000] aguardando start transaction e clock
[98980000] Checker pronto para a proxima!
[99410000] start transaction e clock recebidos
[99420000] aguardando check_done_i
Rodada atual: 213
[99470000] check_done_i RECEBIDO
[99480000] aguardando start transaction e clock
[99480000] Checker pronto para a proxima!
[100200000] start transaction e clock recebidos
[100210000] aguardando check_done_i
Rodada atual: 214
[100260000] check_done_i RECEBIDO
[100270000] aguardando start transaction e clock
[100270000] Checker pronto para a proxima!
[100290000] start transaction e clock recebidos
[100350000] aguardando check_done_i
Rodada atual: 215
[100460000] check_done_i RECEBIDO
[100470000] aguardando start transaction e clock
[100470000] Checker pronto para a proxima!
[100810000] start transaction e clock recebidos
[100820000] aguardando check_done_i
Rodada atual: 216
[100870000] check_done_i RECEBIDO
[100880000] aguardando start transaction e clock
[100880000] Checker pronto para a proxima!
[101410000] start transaction e clock recebidos
[101440000] aguardando check_done_i
Rodada atual: 217
[101490000] check_done_i RECEBIDO
[101500000] aguardando start transaction e clock
[101500000] Checker pronto para a proxima!
[101520000] start transaction e clock recebidos
[101580000] aguardando check_done_i
Rodada atual: 218
[101670000] check_done_i RECEBIDO
[101680000] aguardando start transaction e clock
[101680000] Checker pronto para a proxima!
[101700000] start transaction e clock recebidos
[101720000] aguardando check_done_i
Rodada atual: 219
[102140000] check_done_i RECEBIDO
[102150000] aguardando start transaction e clock
[102150000] Checker pronto para a proxima!
[102170000] start transaction e clock recebidos
[102190000] aguardando check_done_i
Rodada atual: 220
[102310000] check_done_i RECEBIDO
[102320000] aguardando start transaction e clock
[102320000] Checker pronto para a proxima!
[102340000] start transaction e clock recebidos
[102360000] aguardando check_done_i
Rodada atual: 221
[103330000] check_done_i RECEBIDO
[103340000] aguardando start transaction e clock
[103340000] Checker pronto para a proxima!
[103360000] start transaction e clock recebidos
[103660000] aguardando check_done_i
Rodada atual: 222
[103780000] check_done_i RECEBIDO
[103790000] aguardando start transaction e clock
[103790000] Checker pronto para a proxima!
[103810000] start transaction e clock recebidos
[103830000] aguardando check_done_i
Rodada atual: 223
[104620000] check_done_i RECEBIDO
[104630000] aguardando start transaction e clock
[104630000] Checker pronto para a proxima!
[105070000] start transaction e clock recebidos
[105100000] aguardando check_done_i
Rodada atual: 224
[105150000] check_done_i RECEBIDO
[105160000] aguardando start transaction e clock
[105160000] Checker pronto para a proxima!
[105180000] start transaction e clock recebidos
[105240000] aguardando check_done_i
Rodada atual: 225
[105370000] check_done_i RECEBIDO
[105380000] aguardando start transaction e clock
[105380000] Checker pronto para a proxima!
[106050000] start transaction e clock recebidos
[106060000] aguardando check_done_i
Rodada atual: 226
[106110000] check_done_i RECEBIDO
[106120000] aguardando start transaction e clock
[106120000] Checker pronto para a proxima!
[106140000] start transaction e clock recebidos
[106160000] aguardando check_done_i
Rodada atual: 227
[106310000] check_done_i RECEBIDO
[106320000] aguardando start transaction e clock
[106320000] Checker pronto para a proxima!
[106340000] start transaction e clock recebidos
[106360000] aguardando check_done_i
Rodada atual: 228
[106400000] check_done_i RECEBIDO
[106410000] aguardando start transaction e clock
[106410000] Checker pronto para a proxima!
[106430000] start transaction e clock recebidos
[106780000] aguardando check_done_i
Rodada atual: 229
[106910000] check_done_i RECEBIDO
[106920000] aguardando start transaction e clock
[106920000] Checker pronto para a proxima!
[106940000] start transaction e clock recebidos
[106960000] aguardando check_done_i
Rodada atual: 230
[107150000] check_done_i RECEBIDO
[107160000] aguardando start transaction e clock
[107160000] Checker pronto para a proxima!
[107180000] start transaction e clock recebidos
[107480000] aguardando check_done_i
Rodada atual: 231
[107550000] check_done_i RECEBIDO
[107560000] aguardando start transaction e clock
[107560000] Checker pronto para a proxima!
[107930000] start transaction e clock recebidos
[107940000] aguardando check_done_i
Rodada atual: 232
[107990000] check_done_i RECEBIDO
[108000000] aguardando start transaction e clock
[108000000] Checker pronto para a proxima!
[108780000] start transaction e clock recebidos
[108790000] aguardando check_done_i
Rodada atual: 233
[108840000] check_done_i RECEBIDO
[108850000] aguardando start transaction e clock
[108850000] Checker pronto para a proxima!
[109320000] start transaction e clock recebidos
[109330000] aguardando check_done_i
Rodada atual: 234
[109380000] check_done_i RECEBIDO
[109390000] aguardando start transaction e clock
[109390000] Checker pronto para a proxima!
[109410000] start transaction e clock recebidos
[109470000] aguardando check_done_i
Rodada atual: 235
[109570000] check_done_i RECEBIDO
[109580000] aguardando start transaction e clock
[109580000] Checker pronto para a proxima!
[109600000] start transaction e clock recebidos
[109620000] aguardando check_done_i
Rodada atual: 236
[109710000] check_done_i RECEBIDO
[109720000] aguardando start transaction e clock
[109720000] Checker pronto para a proxima!
[109740000] start transaction e clock recebidos
[109800000] aguardando check_done_i
Rodada atual: 237
[109940000] check_done_i RECEBIDO
[109950000] aguardando start transaction e clock
[109950000] Checker pronto para a proxima!
[109970000] start transaction e clock recebidos
[109990000] aguardando check_done_i
Rodada atual: 238
[110590000] check_done_i RECEBIDO
[110600000] aguardando start transaction e clock
[110600000] Checker pronto para a proxima!
[110620000] start transaction e clock recebidos
[110640000] aguardando check_done_i
Rodada atual: 239
[110680000] check_done_i RECEBIDO
[110690000] aguardando start transaction e clock
[110690000] Checker pronto para a proxima!
[110710000] start transaction e clock recebidos
[110770000] aguardando check_done_i
Rodada atual: 240
[110890000] check_done_i RECEBIDO
[110900000] aguardando start transaction e clock
[110900000] Checker pronto para a proxima!
[110920000] start transaction e clock recebidos
[110940000] aguardando check_done_i
Rodada atual: 241
[111150000] check_done_i RECEBIDO
[111160000] aguardando start transaction e clock
[111160000] Checker pronto para a proxima!
[111180000] start transaction e clock recebidos
[111200000] aguardando check_done_i
Rodada atual: 242
[111370000] check_done_i RECEBIDO
[111380000] aguardando start transaction e clock
[111380000] Checker pronto para a proxima!
[111400000] start transaction e clock recebidos
[111610000] aguardando check_done_i
Rodada atual: 243
[111740000] check_done_i RECEBIDO
[111750000] aguardando start transaction e clock
[111750000] Checker pronto para a proxima!
[112230000] start transaction e clock recebidos
[112240000] aguardando check_done_i
Rodada atual: 244
[112290000] check_done_i RECEBIDO
[112300000] aguardando start transaction e clock
[112300000] Checker pronto para a proxima!
[112320000] start transaction e clock recebidos
[112570000] aguardando check_done_i
Rodada atual: 245
[112700000] check_done_i RECEBIDO
[112710000] aguardando start transaction e clock
[112710000] Checker pronto para a proxima!
[112730000] start transaction e clock recebidos
[112790000] aguardando check_done_i
Rodada atual: 246
[112910000] check_done_i RECEBIDO
[112920000] aguardando start transaction e clock
[112920000] Checker pronto para a proxima!
[113200000] start transaction e clock recebidos
[113230000] aguardando check_done_i
Rodada atual: 247
[113280000] check_done_i RECEBIDO
[113290000] aguardando start transaction e clock
[113290000] Checker pronto para a proxima!
[113310000] start transaction e clock recebidos
[113330000] aguardando check_done_i
Rodada atual: 248
[113860000] check_done_i RECEBIDO
[113870000] aguardando start transaction e clock
[113870000] Checker pronto para a proxima!
[113890000] start transaction e clock recebidos
[114330000] aguardando check_done_i
Rodada atual: 249
[114450000] check_done_i RECEBIDO
[114460000] aguardando start transaction e clock
[114460000] Checker pronto para a proxima!
[115470000] start transaction e clock recebidos
[115480000] aguardando check_done_i
Rodada atual: 250
[115530000] check_done_i RECEBIDO
[115540000] aguardando start transaction e clock
[115540000] Checker pronto para a proxima!
[115560000] start transaction e clock recebidos
[115580000] aguardando check_done_i
Rodada atual: 251
[115760000] check_done_i RECEBIDO
[115770000] aguardando start transaction e clock
[115770000] Checker pronto para a proxima!
[115790000] start transaction e clock recebidos
[115810000] aguardando check_done_i
Rodada atual: 252
[116520000] check_done_i RECEBIDO
[116530000] aguardando start transaction e clock
[116530000] Checker pronto para a proxima!
[116550000] start transaction e clock recebidos
[116570000] aguardando check_done_i
Rodada atual: 253
[116610000] check_done_i RECEBIDO
[116620000] aguardando start transaction e clock
[116620000] Checker pronto para a proxima!
[116640000] start transaction e clock recebidos
[116660000] aguardando check_done_i
Rodada atual: 254
[117200000] check_done_i RECEBIDO
[117210000] aguardando start transaction e clock
[117210000] Checker pronto para a proxima!
[117230000] start transaction e clock recebidos
[117250000] aguardando check_done_i
Rodada atual: 255
[117440000] check_done_i RECEBIDO
[117450000] aguardando start transaction e clock
[117450000] Checker pronto para a proxima!
[117470000] start transaction e clock recebidos
[117490000] aguardando check_done_i
Rodada atual: 256
[117650000] check_done_i RECEBIDO
[117660000] aguardando start transaction e clock
[117660000] Checker pronto para a proxima!
[118150000] start transaction e clock recebidos
[118160000] aguardando check_done_i
Rodada atual: 257
[118210000] check_done_i RECEBIDO
[118220000] aguardando start transaction e clock
[118220000] Checker pronto para a proxima!
[118240000] start transaction e clock recebidos
[118260000] aguardando check_done_i
Rodada atual: 258
[118400000] check_done_i RECEBIDO
[118410000] aguardando start transaction e clock
[118410000] Checker pronto para a proxima!
[118430000] start transaction e clock recebidos
[118460000] aguardando check_done_i
Rodada atual: 259
[118560000] check_done_i RECEBIDO
[118570000] aguardando start transaction e clock
[118570000] Checker pronto para a proxima!
[118720000] start transaction e clock recebidos
[118730000] aguardando check_done_i
Rodada atual: 260
[118780000] check_done_i RECEBIDO
[118790000] aguardando start transaction e clock
[118790000] Checker pronto para a proxima!
[118810000] start transaction e clock recebidos
[118830000] aguardando check_done_i
Rodada atual: 261
[119390000] check_done_i RECEBIDO
[119400000] aguardando start transaction e clock
[119400000] Checker pronto para a proxima!
[120300000] start transaction e clock recebidos
[120310000] aguardando check_done_i
Rodada atual: 262
[120360000] check_done_i RECEBIDO
[120370000] aguardando start transaction e clock
[120370000] Checker pronto para a proxima!
[120510000] start transaction e clock recebidos
[120520000] aguardando check_done_i
Rodada atual: 263
[120570000] check_done_i RECEBIDO
[120580000] aguardando start transaction e clock
[120580000] Checker pronto para a proxima!
[120600000] start transaction e clock recebidos
[120620000] aguardando check_done_i
Rodada atual: 264
[120760000] check_done_i RECEBIDO
[120770000] aguardando start transaction e clock
[120770000] Checker pronto para a proxima!
[120790000] start transaction e clock recebidos
[120810000] aguardando check_done_i
Rodada atual: 265
[120890000] check_done_i RECEBIDO
[120900000] aguardando start transaction e clock
[120900000] Checker pronto para a proxima!
[121560000] start transaction e clock recebidos
[121590000] aguardando check_done_i
Rodada atual: 266
[121640000] check_done_i RECEBIDO
[121650000] aguardando start transaction e clock
[121650000] Checker pronto para a proxima!
[122180000] start transaction e clock recebidos
[122190000] aguardando check_done_i
Rodada atual: 267
[122240000] check_done_i RECEBIDO
[122250000] aguardando start transaction e clock
[122250000] Checker pronto para a proxima!
[122360000] start transaction e clock recebidos
[122370000] aguardando check_done_i
Rodada atual: 268
[122420000] check_done_i RECEBIDO
[122430000] aguardando start transaction e clock
[122430000] Checker pronto para a proxima!
[122450000] start transaction e clock recebidos
[122480000] aguardando check_done_i
Rodada atual: 269
[122680000] check_done_i RECEBIDO
[122690000] aguardando start transaction e clock
[122690000] Checker pronto para a proxima!
[122710000] start transaction e clock recebidos
[122730000] aguardando check_done_i
Rodada atual: 270
[122870000] check_done_i RECEBIDO
[122880000] aguardando start transaction e clock
[122880000] Checker pronto para a proxima!
[122900000] start transaction e clock recebidos
[122920000] aguardando check_done_i
Rodada atual: 271
[123850000] check_done_i RECEBIDO
[123860000] aguardando start transaction e clock
[123860000] Checker pronto para a proxima!
[123880000] start transaction e clock recebidos
[123900000] aguardando check_done_i
Rodada atual: 272
[124400000] check_done_i RECEBIDO
[124410000] aguardando start transaction e clock
[124410000] Checker pronto para a proxima!
[124430000] start transaction e clock recebidos
[124450000] aguardando check_done_i
Rodada atual: 273
[124860000] check_done_i RECEBIDO
[124870000] aguardando start transaction e clock
[124870000] Checker pronto para a proxima!
[124890000] start transaction e clock recebidos
[124910000] aguardando check_done_i
Rodada atual: 274
[124970000] check_done_i RECEBIDO
[124980000] aguardando start transaction e clock
[124980000] Checker pronto para a proxima!
[125160000] start transaction e clock recebidos
[125170000] aguardando check_done_i
Rodada atual: 275
[125220000] check_done_i RECEBIDO
[125230000] aguardando start transaction e clock
[125230000] Checker pronto para a proxima!
[125700000] start transaction e clock recebidos
[125730000] aguardando check_done_i
Rodada atual: 276
[125780000] check_done_i RECEBIDO
[125790000] aguardando start transaction e clock
[125790000] Checker pronto para a proxima!
[126250000] start transaction e clock recebidos
[126260000] aguardando check_done_i
Rodada atual: 277
[126310000] check_done_i RECEBIDO
[126320000] aguardando start transaction e clock
[126320000] Checker pronto para a proxima!
[126630000] start transaction e clock recebidos
[126640000] aguardando check_done_i
Rodada atual: 278
[126690000] check_done_i RECEBIDO
[126700000] aguardando start transaction e clock
[126700000] Checker pronto para a proxima!
[126720000] start transaction e clock recebidos
[126740000] aguardando check_done_i
Rodada atual: 279
[126900000] check_done_i RECEBIDO
[126910000] aguardando start transaction e clock
[126910000] Checker pronto para a proxima!
[126930000] start transaction e clock recebidos
[127190000] aguardando check_done_i
Rodada atual: 280
[127300000] check_done_i RECEBIDO
[127310000] aguardando start transaction e clock
[127310000] Checker pronto para a proxima!
[127330000] start transaction e clock recebidos
[127350000] aguardando check_done_i
Rodada atual: 281
[128020000] check_done_i RECEBIDO
[128030000] aguardando start transaction e clock
[128030000] Checker pronto para a proxima!
[128440000] start transaction e clock recebidos
[128470000] aguardando check_done_i
Rodada atual: 282
[128520000] check_done_i RECEBIDO
[128530000] aguardando start transaction e clock
[128530000] Checker pronto para a proxima!
[128550000] start transaction e clock recebidos
[128570000] aguardando check_done_i
Rodada atual: 283
[128770000] check_done_i RECEBIDO
[128780000] aguardando start transaction e clock
[128780000] Checker pronto para a proxima!
[128800000] start transaction e clock recebidos
[129480000] aguardando check_done_i
Rodada atual: 284
[129580000] check_done_i RECEBIDO
[129590000] aguardando start transaction e clock
[129590000] Checker pronto para a proxima!
[129610000] start transaction e clock recebidos
[129670000] aguardando check_done_i
Rodada atual: 285
[129810000] check_done_i RECEBIDO
[129820000] aguardando start transaction e clock
[129820000] Checker pronto para a proxima!
[130320000] start transaction e clock recebidos
[130350000] aguardando check_done_i
Rodada atual: 286
[130400000] check_done_i RECEBIDO
[130410000] aguardando start transaction e clock
[130410000] Checker pronto para a proxima!
[130430000] start transaction e clock recebidos
[130450000] aguardando check_done_i
Rodada atual: 287
[130570000] check_done_i RECEBIDO
[130580000] aguardando start transaction e clock
[130580000] Checker pronto para a proxima!
[130600000] start transaction e clock recebidos
[131300000] aguardando check_done_i
Rodada atual: 288
[131440000] check_done_i RECEBIDO
[131450000] aguardando start transaction e clock
[131450000] Checker pronto para a proxima!
[131470000] start transaction e clock recebidos
[132030000] aguardando check_done_i
Rodada atual: 289
[132130000] check_done_i RECEBIDO
[132140000] aguardando start transaction e clock
[132140000] Checker pronto para a proxima!
[132160000] start transaction e clock recebidos
[132180000] aguardando check_done_i
Rodada atual: 290
[132370000] check_done_i RECEBIDO
[132380000] aguardando start transaction e clock
[132380000] Checker pronto para a proxima!
[132400000] start transaction e clock recebidos
[132420000] aguardando check_done_i
Rodada atual: 291
[132640000] check_done_i RECEBIDO
[132650000] aguardando start transaction e clock
[132650000] Checker pronto para a proxima!
[132670000] start transaction e clock recebidos
[133530000] aguardando check_done_i
Rodada atual: 292
[133670000] check_done_i RECEBIDO
[133680000] aguardando start transaction e clock
[133680000] Checker pronto para a proxima!
[133700000] start transaction e clock recebidos
[134050000] aguardando check_done_i
Rodada atual: 293
[134160000] check_done_i RECEBIDO
[134170000] aguardando start transaction e clock
[134170000] Checker pronto para a proxima!
[134190000] start transaction e clock recebidos
[134430000] aguardando check_done_i
Rodada atual: 294
[134590000] check_done_i RECEBIDO
[134600000] aguardando start transaction e clock
[134600000] Checker pronto para a proxima!
[134620000] start transaction e clock recebidos
[134640000] aguardando check_done_i
Rodada atual: 295
[135540000] check_done_i RECEBIDO
[135550000] aguardando start transaction e clock
[135550000] Checker pronto para a proxima!
[136390000] start transaction e clock recebidos
[136400000] aguardando check_done_i
Rodada atual: 296
[136450000] check_done_i RECEBIDO
[136460000] aguardando start transaction e clock
[136460000] Checker pronto para a proxima!
[136480000] start transaction e clock recebidos
[136540000] aguardando check_done_i
Rodada atual: 297
[136660000] check_done_i RECEBIDO
[136670000] aguardando start transaction e clock
[136670000] Checker pronto para a proxima!
[136690000] start transaction e clock recebidos
[136710000] aguardando check_done_i
Rodada atual: 298
[137580000] check_done_i RECEBIDO
[137590000] aguardando start transaction e clock
[137590000] Checker pronto para a proxima!
[137610000] start transaction e clock recebidos
[137870000] aguardando check_done_i
Rodada atual: 299
[137990000] check_done_i RECEBIDO
[138000000] aguardando start transaction e clock
[138000000] Checker pronto para a proxima!
[138010000] start transaction e clock recebidos
Rodada atual: 300
[138050000] aguardando check_done_i
[138070000] check_done_i RECEBIDO
[138080000] aguardando start transaction e clock
[138080000] Checker pronto para a proxima!
[138960000] start transaction e clock recebidos
[138990000] aguardando check_done_i
Rodada atual: 301
[139040000] check_done_i RECEBIDO
[139050000] aguardando start transaction e clock
[139050000] Checker pronto para a proxima!
[139070000] start transaction e clock recebidos
[139130000] aguardando check_done_i
Rodada atual: 302
[139220000] check_done_i RECEBIDO
[139230000] aguardando start transaction e clock
[139230000] Checker pronto para a proxima!
[139250000] start transaction e clock recebidos
[139280000] aguardando check_done_i
Rodada atual: 303
[139400000] check_done_i RECEBIDO
[139410000] aguardando start transaction e clock
[139410000] Checker pronto para a proxima!
[139430000] start transaction e clock recebidos
[139450000] aguardando check_done_i
Rodada atual: 304
[139550000] check_done_i RECEBIDO
[139560000] aguardando start transaction e clock
[139560000] Checker pronto para a proxima!
[139670000] start transaction e clock recebidos
[139680000] aguardando check_done_i
Rodada atual: 305
[139730000] check_done_i RECEBIDO
[139740000] aguardando start transaction e clock
[139740000] Checker pronto para a proxima!
[139760000] start transaction e clock recebidos
[139780000] aguardando check_done_i
Rodada atual: 306
[139820000] check_done_i RECEBIDO
[139830000] aguardando start transaction e clock
[139830000] Checker pronto para a proxima!
[140730000] start transaction e clock recebidos
[140740000] aguardando check_done_i
Rodada atual: 307
[140790000] check_done_i RECEBIDO
[140800000] aguardando start transaction e clock
[140800000] Checker pronto para a proxima!
[141430000] start transaction e clock recebidos
[141440000] aguardando check_done_i
Rodada atual: 308
[141490000] check_done_i RECEBIDO
[141500000] aguardando start transaction e clock
[141500000] Checker pronto para a proxima!
[141520000] start transaction e clock recebidos
[141540000] aguardando check_done_i
Rodada atual: 309
[141720000] check_done_i RECEBIDO
[141730000] aguardando start transaction e clock
[141730000] Checker pronto para a proxima!
[142150000] start transaction e clock recebidos
[142160000] aguardando check_done_i
Rodada atual: 310
[142210000] check_done_i RECEBIDO
[142220000] aguardando start transaction e clock
[142220000] Checker pronto para a proxima!
[142240000] start transaction e clock recebidos
[142260000] aguardando check_done_i
Rodada atual: 311
[142450000] check_done_i RECEBIDO
[142460000] aguardando start transaction e clock
[142460000] Checker pronto para a proxima!
[142480000] start transaction e clock recebidos
[142550000] aguardando check_done_i
Rodada atual: 312
[142690000] check_done_i RECEBIDO
[142700000] aguardando start transaction e clock
[142700000] Checker pronto para a proxima!
[142720000] start transaction e clock recebidos
[142750000] aguardando check_done_i
Rodada atual: 313
[142790000] check_done_i RECEBIDO
[142800000] aguardando start transaction e clock
[142800000] Checker pronto para a proxima!
[142820000] start transaction e clock recebidos
[142840000] aguardando check_done_i
Rodada atual: 314
[143010000] check_done_i RECEBIDO
[143020000] aguardando start transaction e clock
[143020000] Checker pronto para a proxima!
[143040000] start transaction e clock recebidos
[143060000] aguardando check_done_i
Rodada atual: 315
[143490000] check_done_i RECEBIDO
[143500000] aguardando start transaction e clock
[143500000] Checker pronto para a proxima!
[143560000] start transaction e clock recebidos
[143590000] aguardando check_done_i
Rodada atual: 316
[143640000] check_done_i RECEBIDO
[143650000] aguardando start transaction e clock
[143650000] Checker pronto para a proxima!
[143740000] start transaction e clock recebidos
[143750000] aguardando check_done_i
Rodada atual: 317
[143800000] check_done_i RECEBIDO
[143810000] aguardando start transaction e clock
[143810000] Checker pronto para a proxima!
[143830000] start transaction e clock recebidos
[143860000] aguardando check_done_i
Rodada atual: 318
[143900000] check_done_i RECEBIDO
[143910000] aguardando start transaction e clock
[143910000] Checker pronto para a proxima!
[143930000] start transaction e clock recebidos
[143990000] aguardando check_done_i
Rodada atual: 319
[144080000] check_done_i RECEBIDO
[144090000] aguardando start transaction e clock
[144090000] Checker pronto para a proxima!
[144110000] start transaction e clock recebidos
[144700000] aguardando check_done_i
Rodada atual: 320
[144800000] check_done_i RECEBIDO
[144810000] aguardando start transaction e clock
[144810000] Checker pronto para a proxima!
[144830000] start transaction e clock recebidos
[144850000] aguardando check_done_i
Rodada atual: 321
[145060000] check_done_i RECEBIDO
[145070000] aguardando start transaction e clock
[145070000] Checker pronto para a proxima!
[145090000] start transaction e clock recebidos
[145110000] aguardando check_done_i
Rodada atual: 322
[145150000] check_done_i RECEBIDO
[145160000] aguardando start transaction e clock
[145160000] Checker pronto para a proxima!
[145180000] start transaction e clock recebidos
[145200000] aguardando check_done_i
Rodada atual: 323
[145760000] check_done_i RECEBIDO
[145770000] aguardando start transaction e clock
[145770000] Checker pronto para a proxima!
[145790000] start transaction e clock recebidos
[145810000] aguardando check_done_i
Rodada atual: 324
[146100000] check_done_i RECEBIDO
[146110000] aguardando start transaction e clock
[146110000] Checker pronto para a proxima!
[147100000] start transaction e clock recebidos
[147130000] aguardando check_done_i
Rodada atual: 325
[147180000] check_done_i RECEBIDO
[147190000] aguardando start transaction e clock
[147190000] Checker pronto para a proxima!
[147210000] start transaction e clock recebidos
[147230000] aguardando check_done_i
Rodada atual: 326
[147380000] check_done_i RECEBIDO
[147390000] aguardando start transaction e clock
[147390000] Checker pronto para a proxima!
[147760000] start transaction e clock recebidos
[147770000] aguardando check_done_i
Rodada atual: 327
[147820000] check_done_i RECEBIDO
[147830000] aguardando start transaction e clock
[147830000] Checker pronto para a proxima!
[147850000] start transaction e clock recebidos
[147870000] aguardando check_done_i
Rodada atual: 328
[148260000] check_done_i RECEBIDO
[148270000] aguardando start transaction e clock
[148270000] Checker pronto para a proxima!
[148290000] start transaction e clock recebidos
[148310000] aguardando check_done_i
Rodada atual: 329
[149030000] check_done_i RECEBIDO
[149040000] aguardando start transaction e clock
[149040000] Checker pronto para a proxima!
[149060000] start transaction e clock recebidos
[149230000] aguardando check_done_i
Rodada atual: 330
[149300000] check_done_i RECEBIDO
[149310000] aguardando start transaction e clock
[149310000] Checker pronto para a proxima!
[149330000] start transaction e clock recebidos
[149350000] aguardando check_done_i
Rodada atual: 331
[150330000] check_done_i RECEBIDO
[150340000] aguardando start transaction e clock
[150340000] Checker pronto para a proxima!
[150360000] start transaction e clock recebidos
[150380000] aguardando check_done_i
Rodada atual: 332
[151290000] check_done_i RECEBIDO
[151300000] aguardando start transaction e clock
[151300000] Checker pronto para a proxima!
[151320000] start transaction e clock recebidos
[151340000] aguardando check_done_i
Rodada atual: 333
[151470000] check_done_i RECEBIDO
[151480000] aguardando start transaction e clock
[151480000] Checker pronto para a proxima!
[151500000] start transaction e clock recebidos
[151520000] aguardando check_done_i
Rodada atual: 334
[151770000] check_done_i RECEBIDO
[151780000] aguardando start transaction e clock
[151780000] Checker pronto para a proxima!
[152650000] start transaction e clock recebidos
[152660000] aguardando check_done_i
Rodada atual: 335
[152710000] check_done_i RECEBIDO
[152720000] aguardando start transaction e clock
[152720000] Checker pronto para a proxima!
[152740000] start transaction e clock recebidos
[152760000] aguardando check_done_i
Rodada atual: 336
[152940000] check_done_i RECEBIDO
[152950000] aguardando start transaction e clock
[152950000] Checker pronto para a proxima!
[153340000] start transaction e clock recebidos
[153350000] aguardando check_done_i
Rodada atual: 337
[153400000] check_done_i RECEBIDO
[153410000] aguardando start transaction e clock
[153410000] Checker pronto para a proxima!
[153430000] start transaction e clock recebidos
[153450000] aguardando check_done_i
Rodada atual: 338
[153570000] check_done_i RECEBIDO
[153580000] aguardando start transaction e clock
[153580000] Checker pronto para a proxima!
[153600000] start transaction e clock recebidos
[153620000] aguardando check_done_i
Rodada atual: 339
[154270000] check_done_i RECEBIDO
[154280000] aguardando start transaction e clock
[154280000] Checker pronto para a proxima!
[154860000] start transaction e clock recebidos
[154890000] aguardando check_done_i
Rodada atual: 340
[154940000] check_done_i RECEBIDO
[154950000] aguardando start transaction e clock
[154950000] Checker pronto para a proxima!
[154970000] start transaction e clock recebidos
[154990000] aguardando check_done_i
Rodada atual: 341
[155140000] check_done_i RECEBIDO
[155150000] aguardando start transaction e clock
[155150000] Checker pronto para a proxima!
[155170000] start transaction e clock recebidos
[155350000] aguardando check_done_i
Rodada atual: 342
[155420000] check_done_i RECEBIDO
[155430000] aguardando start transaction e clock
[155430000] Checker pronto para a proxima!
[155450000] start transaction e clock recebidos
[155480000] aguardando check_done_i
Rodada atual: 343
[155630000] check_done_i RECEBIDO
[155640000] aguardando start transaction e clock
[155640000] Checker pronto para a proxima!
[155900000] start transaction e clock recebidos
[155930000] aguardando check_done_i
Rodada atual: 344
[155980000] check_done_i RECEBIDO
[155990000] aguardando start transaction e clock
[155990000] Checker pronto para a proxima!
[156010000] start transaction e clock recebidos
[156240000] aguardando check_done_i
Rodada atual: 345
[156370000] check_done_i RECEBIDO
[156380000] aguardando start transaction e clock
[156380000] Checker pronto para a proxima!
[157190000] start transaction e clock recebidos
[157200000] aguardando check_done_i
Rodada atual: 346
[157250000] check_done_i RECEBIDO
[157260000] aguardando start transaction e clock
[157260000] Checker pronto para a proxima!
[157440000] start transaction e clock recebidos
[157470000] aguardando check_done_i
Rodada atual: 347
[157520000] check_done_i RECEBIDO
[157530000] aguardando start transaction e clock
[157530000] Checker pronto para a proxima!
[157550000] start transaction e clock recebidos
[157610000] aguardando check_done_i
Rodada atual: 348
[157730000] check_done_i RECEBIDO
[157740000] aguardando start transaction e clock
[157740000] Checker pronto para a proxima!
[158390000] start transaction e clock recebidos
[158400000] aguardando check_done_i
Rodada atual: 349
[158450000] check_done_i RECEBIDO
[158460000] aguardando start transaction e clock
[158460000] Checker pronto para a proxima!
[159400000] start transaction e clock recebidos
[159410000] aguardando check_done_i
Rodada atual: 350
[159460000] check_done_i RECEBIDO
[159470000] aguardando start transaction e clock
[159470000] Checker pronto para a proxima!
[159700000] start transaction e clock recebidos
[159710000] aguardando check_done_i
Rodada atual: 351
[159760000] check_done_i RECEBIDO
[159770000] aguardando start transaction e clock
[159770000] Checker pronto para a proxima!
[160530000] start transaction e clock recebidos
[160560000] aguardando check_done_i
Rodada atual: 352
[160610000] check_done_i RECEBIDO
[160620000] aguardando start transaction e clock
[160620000] Checker pronto para a proxima!
[161570000] start transaction e clock recebidos
[161600000] aguardando check_done_i
Rodada atual: 353
[161650000] check_done_i RECEBIDO
[161660000] aguardando start transaction e clock
[161660000] Checker pronto para a proxima!
[161680000] start transaction e clock recebidos
[161740000] aguardando check_done_i
Rodada atual: 354
[161900000] check_done_i RECEBIDO
[161910000] aguardando start transaction e clock
[161910000] Checker pronto para a proxima!
[162700000] start transaction e clock recebidos
[162710000] aguardando check_done_i
Rodada atual: 355
[162760000] check_done_i RECEBIDO
[162770000] aguardando start transaction e clock
[162770000] Checker pronto para a proxima!
[162790000] start transaction e clock recebidos
[162850000] aguardando check_done_i
Rodada atual: 356
[162980000] check_done_i RECEBIDO
[162990000] aguardando start transaction e clock
[162990000] Checker pronto para a proxima!
[163670000] start transaction e clock recebidos
[163680000] aguardando check_done_i
Rodada atual: 357
[163730000] check_done_i RECEBIDO
[163740000] aguardando start transaction e clock
[163740000] Checker pronto para a proxima!
[163760000] start transaction e clock recebidos
[163820000] aguardando check_done_i
Rodada atual: 358
[163920000] check_done_i RECEBIDO
[163930000] aguardando start transaction e clock
[163930000] Checker pronto para a proxima!
[163950000] start transaction e clock recebidos
[164230000] aguardando check_done_i
Rodada atual: 359
[164350000] check_done_i RECEBIDO
[164360000] aguardando start transaction e clock
[164360000] Checker pronto para a proxima!
[164380000] start transaction e clock recebidos
[164410000] aguardando check_done_i
Rodada atual: 360
[164450000] check_done_i RECEBIDO
[164460000] aguardando start transaction e clock
[164460000] Checker pronto para a proxima!
[164480000] start transaction e clock recebidos
[164540000] aguardando check_done_i
Rodada atual: 361
[164670000] check_done_i RECEBIDO
[164680000] aguardando start transaction e clock
[164680000] Checker pronto para a proxima!
[164700000] start transaction e clock recebidos
[164720000] aguardando check_done_i
Rodada atual: 362
[164810000] check_done_i RECEBIDO
[164820000] aguardando start transaction e clock
[164820000] Checker pronto para a proxima!
[164840000] start transaction e clock recebidos
[164860000] aguardando check_done_i
Rodada atual: 363
[165020000] check_done_i RECEBIDO
[165030000] aguardando start transaction e clock
[165030000] Checker pronto para a proxima!
[165970000] start transaction e clock recebidos
[165980000] aguardando check_done_i
Rodada atual: 364
[166030000] check_done_i RECEBIDO
[166040000] aguardando start transaction e clock
[166040000] Checker pronto para a proxima!
[166060000] start transaction e clock recebidos
[166090000] aguardando check_done_i
Rodada atual: 365
[166180000] check_done_i RECEBIDO
[166190000] aguardando start transaction e clock
[166190000] Checker pronto para a proxima!
[166210000] start transaction e clock recebidos
[166230000] aguardando check_done_i
Rodada atual: 366
[166360000] check_done_i RECEBIDO
[166370000] aguardando start transaction e clock
[166370000] Checker pronto para a proxima!
[166390000] start transaction e clock recebidos
[166450000] aguardando check_done_i
Rodada atual: 367
[166570000] check_done_i RECEBIDO
[166580000] aguardando start transaction e clock
[166580000] Checker pronto para a proxima!
[166600000] start transaction e clock recebidos
[166660000] aguardando check_done_i
Rodada atual: 368
[166750000] check_done_i RECEBIDO
[166760000] aguardando start transaction e clock
[166760000] Checker pronto para a proxima!
[166780000] start transaction e clock recebidos
[166800000] aguardando check_done_i
Rodada atual: 369
[166840000] check_done_i RECEBIDO
[166850000] aguardando start transaction e clock
[166850000] Checker pronto para a proxima!
[167370000] start transaction e clock recebidos
[167380000] aguardando check_done_i
Rodada atual: 370
[167430000] check_done_i RECEBIDO
[167440000] aguardando start transaction e clock
[167440000] Checker pronto para a proxima!
[167460000] start transaction e clock recebidos
[167480000] aguardando check_done_i
Rodada atual: 371
[167620000] check_done_i RECEBIDO
[167630000] aguardando start transaction e clock
[167630000] Checker pronto para a proxima!
[167650000] start transaction e clock recebidos
[167670000] aguardando check_done_i
Rodada atual: 372
[167730000] check_done_i RECEBIDO
[167740000] aguardando start transaction e clock
[167740000] Checker pronto para a proxima!
[167760000] start transaction e clock recebidos
[167780000] aguardando check_done_i
Rodada atual: 373
[167960000] check_done_i RECEBIDO
[167970000] aguardando start transaction e clock
[167970000] Checker pronto para a proxima!
[167990000] start transaction e clock recebidos
[168010000] aguardando check_done_i
Rodada atual: 374
[168610000] check_done_i RECEBIDO
[168620000] aguardando start transaction e clock
[168620000] Checker pronto para a proxima!
[168640000] start transaction e clock recebidos
[168670000] aguardando check_done_i
Rodada atual: 375
[168890000] check_done_i RECEBIDO
[168900000] aguardando start transaction e clock
[168900000] Checker pronto para a proxima!
[168920000] start transaction e clock recebidos
[168940000] aguardando check_done_i
Rodada atual: 376
[169430000] check_done_i RECEBIDO
[169440000] aguardando start transaction e clock
[169440000] Checker pronto para a proxima!
[169550000] start transaction e clock recebidos
[169580000] aguardando check_done_i
Rodada atual: 377
[169630000] check_done_i RECEBIDO
[169640000] aguardando start transaction e clock
[169640000] Checker pronto para a proxima!
[170060000] start transaction e clock recebidos
[170070000] aguardando check_done_i
Rodada atual: 378
[170120000] check_done_i RECEBIDO
[170130000] aguardando start transaction e clock
[170130000] Checker pronto para a proxima!
[170170000] start transaction e clock recebidos
[170180000] aguardando check_done_i
Rodada atual: 379
[170230000] check_done_i RECEBIDO
[170240000] aguardando start transaction e clock
[170240000] Checker pronto para a proxima!
[170260000] start transaction e clock recebidos
[170320000] aguardando check_done_i
Rodada atual: 380
[170470000] check_done_i RECEBIDO
[170480000] aguardando start transaction e clock
[170480000] Checker pronto para a proxima!
[171400000] start transaction e clock recebidos
[171430000] aguardando check_done_i
Rodada atual: 381
[171480000] check_done_i RECEBIDO
[171490000] aguardando start transaction e clock
[171490000] Checker pronto para a proxima!
[171510000] start transaction e clock recebidos
[171570000] aguardando check_done_i
Rodada atual: 382
[171640000] check_done_i RECEBIDO
[171650000] aguardando start transaction e clock
[171650000] Checker pronto para a proxima!
[171670000] start transaction e clock recebidos
[171690000] aguardando check_done_i
Rodada atual: 383
[171760000] check_done_i RECEBIDO
[171770000] aguardando start transaction e clock
[171770000] Checker pronto para a proxima!
[171790000] start transaction e clock recebidos
[171810000] aguardando check_done_i
Rodada atual: 384
[172170000] check_done_i RECEBIDO
[172180000] aguardando start transaction e clock
[172180000] Checker pronto para a proxima!
[172210000] start transaction e clock recebidos
[172220000] aguardando check_done_i
Rodada atual: 385
[172270000] check_done_i RECEBIDO
[172280000] aguardando start transaction e clock
[172280000] Checker pronto para a proxima!
[172300000] start transaction e clock recebidos
[172320000] aguardando check_done_i
Rodada atual: 386
[172560000] check_done_i RECEBIDO
[172570000] aguardando start transaction e clock
[172570000] Checker pronto para a proxima!
[172590000] start transaction e clock recebidos
[172610000] aguardando check_done_i
Rodada atual: 387
[172910000] check_done_i RECEBIDO
[172920000] aguardando start transaction e clock
[172920000] Checker pronto para a proxima!
[172940000] start transaction e clock recebidos
[172960000] aguardando check_done_i
Rodada atual: 388
[173790000] check_done_i RECEBIDO
[173800000] aguardando start transaction e clock
[173800000] Checker pronto para a proxima!
[173820000] start transaction e clock recebidos
[173840000] aguardando check_done_i
Rodada atual: 389
[174520000] check_done_i RECEBIDO
[174530000] aguardando start transaction e clock
[174530000] Checker pronto para a proxima!
[175460000] start transaction e clock recebidos
[175470000] aguardando check_done_i
Rodada atual: 390
[175520000] check_done_i RECEBIDO
[175530000] aguardando start transaction e clock
[175530000] Checker pronto para a proxima!
[175550000] start transaction e clock recebidos
[175610000] aguardando check_done_i
Rodada atual: 391
[175710000] check_done_i RECEBIDO
[175720000] aguardando start transaction e clock
[175720000] Checker pronto para a proxima!
[176050000] start transaction e clock recebidos
[176060000] aguardando check_done_i
Rodada atual: 392
[176110000] check_done_i RECEBIDO
[176120000] aguardando start transaction e clock
[176120000] Checker pronto para a proxima!
[176140000] start transaction e clock recebidos
[176160000] aguardando check_done_i
Rodada atual: 393
[176540000] check_done_i RECEBIDO
[176550000] aguardando start transaction e clock
[176550000] Checker pronto para a proxima!
[177240000] start transaction e clock recebidos
[177250000] aguardando check_done_i
Rodada atual: 394
[177300000] check_done_i RECEBIDO
[177310000] aguardando start transaction e clock
[177310000] Checker pronto para a proxima!
[178210000] start transaction e clock recebidos
[178240000] aguardando check_done_i
Rodada atual: 395
[178290000] check_done_i RECEBIDO
[178300000] aguardando start transaction e clock
[178300000] Checker pronto para a proxima!
[178320000] start transaction e clock recebidos
[178340000] aguardando check_done_i
Rodada atual: 396
[178380000] check_done_i RECEBIDO
[178390000] aguardando start transaction e clock
[178390000] Checker pronto para a proxima!
[179050000] start transaction e clock recebidos
[179080000] aguardando check_done_i
Rodada atual: 397
[179130000] check_done_i RECEBIDO
[179140000] aguardando start transaction e clock
[179140000] Checker pronto para a proxima!
[179160000] start transaction e clock recebidos
[179190000] aguardando check_done_i
Rodada atual: 398
[179230000] check_done_i RECEBIDO
[179240000] aguardando start transaction e clock
[179240000] Checker pronto para a proxima!
[179260000] start transaction e clock recebidos
[179280000] aguardando check_done_i
Rodada atual: 399
[179440000] check_done_i RECEBIDO
[179450000] aguardando start transaction e clock
[179450000] Checker pronto para a proxima!
[179460000] start transaction e clock recebidos
[179470000] aguardando check_done_i
Rodada atual: 400
[179520000] check_done_i RECEBIDO
[179530000] aguardando start transaction e clock
[179530000] Checker pronto para a proxima!
[180430000] start transaction e clock recebidos
[180460000] aguardando check_done_i
Rodada atual: 401
[180510000] check_done_i RECEBIDO
[180520000] aguardando start transaction e clock
[180520000] Checker pronto para a proxima!
[180900000] start transaction e clock recebidos
[180910000] aguardando check_done_i
Rodada atual: 402
[180960000] check_done_i RECEBIDO
[180970000] aguardando start transaction e clock
[180970000] Checker pronto para a proxima!
[180990000] start transaction e clock recebidos
[181020000] aguardando check_done_i
Rodada atual: 403
[181060000] check_done_i RECEBIDO
[181070000] aguardando start transaction e clock
[181070000] Checker pronto para a proxima!
[181090000] start transaction e clock recebidos
[181110000] aguardando check_done_i
Rodada atual: 404
[181290000] check_done_i RECEBIDO
[181300000] aguardando start transaction e clock
[181300000] Checker pronto para a proxima!
[181320000] start transaction e clock recebidos
[181340000] aguardando check_done_i
Rodada atual: 405
[182150000] check_done_i RECEBIDO
[182160000] aguardando start transaction e clock
[182160000] Checker pronto para a proxima!
[182180000] start transaction e clock recebidos
[182690000] aguardando check_done_i
Rodada atual: 406
[182830000] check_done_i RECEBIDO
[182840000] aguardando start transaction e clock
[182840000] Checker pronto para a proxima!
[182860000] start transaction e clock recebidos
[182880000] aguardando check_done_i
Rodada atual: 407
[183280000] check_done_i RECEBIDO
[183290000] aguardando start transaction e clock
[183290000] Checker pronto para a proxima!
[183310000] start transaction e clock recebidos
[184140000] aguardando check_done_i
Rodada atual: 408
[184240000] check_done_i RECEBIDO
[184250000] aguardando start transaction e clock
[184250000] Checker pronto para a proxima!
[184270000] start transaction e clock recebidos
[184580000] aguardando check_done_i
Rodada atual: 409
[184660000] check_done_i RECEBIDO
[184670000] aguardando start transaction e clock
[184670000] Checker pronto para a proxima!
[184690000] start transaction e clock recebidos
[184710000] aguardando check_done_i
Rodada atual: 410
[185150000] check_done_i RECEBIDO
[185160000] aguardando start transaction e clock
[185160000] Checker pronto para a proxima!
[185710000] start transaction e clock recebidos
[185720000] aguardando check_done_i
Rodada atual: 411
[185770000] check_done_i RECEBIDO
[185780000] aguardando start transaction e clock
[185780000] Checker pronto para a proxima!
[185800000] start transaction e clock recebidos
[185820000] aguardando check_done_i
Rodada atual: 412
[186000000] check_done_i RECEBIDO
[186010000] aguardando start transaction e clock
[186010000] Checker pronto para a proxima!
[186030000] start transaction e clock recebidos
[186050000] aguardando check_done_i
Rodada atual: 413
[186200000] check_done_i RECEBIDO
[186210000] aguardando start transaction e clock
[186210000] Checker pronto para a proxima!
[186230000] start transaction e clock recebidos
[186490000] aguardando check_done_i
Rodada atual: 414
[186610000] check_done_i RECEBIDO
[186620000] aguardando start transaction e clock
[186620000] Checker pronto para a proxima!
[186640000] start transaction e clock recebidos
[186660000] aguardando check_done_i
Rodada atual: 415
[186870000] check_done_i RECEBIDO
[186880000] aguardando start transaction e clock
[186880000] Checker pronto para a proxima!
[187380000] start transaction e clock recebidos
[187410000] aguardando check_done_i
Rodada atual: 416
[187460000] check_done_i RECEBIDO
[187470000] aguardando start transaction e clock
[187470000] Checker pronto para a proxima!
[187490000] start transaction e clock recebidos
[187520000] aguardando check_done_i
Rodada atual: 417
[187560000] check_done_i RECEBIDO
[187570000] aguardando start transaction e clock
[187570000] Checker pronto para a proxima!
[187590000] start transaction e clock recebidos
[187620000] aguardando check_done_i
Rodada atual: 418
[187660000] check_done_i RECEBIDO
[187670000] aguardando start transaction e clock
[187670000] Checker pronto para a proxima!
[187690000] start transaction e clock recebidos
[187750000] aguardando check_done_i
Rodada atual: 419
[187870000] check_done_i RECEBIDO
[187880000] aguardando start transaction e clock
[187880000] Checker pronto para a proxima!
[187900000] start transaction e clock recebidos
[187920000] aguardando check_done_i
Rodada atual: 420
[188750000] check_done_i RECEBIDO
[188760000] aguardando start transaction e clock
[188760000] Checker pronto para a proxima!
[188780000] start transaction e clock recebidos
[188800000] aguardando check_done_i
Rodada atual: 421
[189800000] check_done_i RECEBIDO
[189810000] aguardando start transaction e clock
[189810000] Checker pronto para a proxima!
[190610000] start transaction e clock recebidos
[190620000] aguardando check_done_i
Rodada atual: 422
[190670000] check_done_i RECEBIDO
[190680000] aguardando start transaction e clock
[190680000] Checker pronto para a proxima!
[190700000] start transaction e clock recebidos
[190760000] aguardando check_done_i
Rodada atual: 423
[190920000] check_done_i RECEBIDO
[190930000] aguardando start transaction e clock
[190930000] Checker pronto para a proxima!
[190950000] start transaction e clock recebidos
[191080000] aguardando check_done_i
Rodada atual: 424
[191170000] check_done_i RECEBIDO
[191180000] aguardando start transaction e clock
[191180000] Checker pronto para a proxima!
[191200000] start transaction e clock recebidos
[191220000] aguardando check_done_i
Rodada atual: 425
[191590000] check_done_i RECEBIDO
[191600000] aguardando start transaction e clock
[191600000] Checker pronto para a proxima!
[191620000] start transaction e clock recebidos
[191640000] aguardando check_done_i
Rodada atual: 426
[191740000] check_done_i RECEBIDO
[191750000] aguardando start transaction e clock
[191750000] Checker pronto para a proxima!
[192160000] start transaction e clock recebidos
[192170000] aguardando check_done_i
Rodada atual: 427
[192220000] check_done_i RECEBIDO
[192230000] aguardando start transaction e clock
[192230000] Checker pronto para a proxima!
[192250000] start transaction e clock recebidos
[192270000] aguardando check_done_i
Rodada atual: 428
[192370000] check_done_i RECEBIDO
[192380000] aguardando start transaction e clock
[192380000] Checker pronto para a proxima!
[192400000] start transaction e clock recebidos
[192420000] aguardando check_done_i
Rodada atual: 429
[192490000] check_done_i RECEBIDO
[192500000] aguardando start transaction e clock
[192500000] Checker pronto para a proxima!
[192520000] start transaction e clock recebidos
[192550000] aguardando check_done_i
Rodada atual: 430
[192590000] check_done_i RECEBIDO
[192600000] aguardando start transaction e clock
[192600000] Checker pronto para a proxima!
[192620000] start transaction e clock recebidos
[192680000] aguardando check_done_i
Rodada atual: 431
[192770000] check_done_i RECEBIDO
[192780000] aguardando start transaction e clock
[192780000] Checker pronto para a proxima!
[193420000] start transaction e clock recebidos
[193430000] aguardando check_done_i
Rodada atual: 432
[193480000] check_done_i RECEBIDO
[193490000] aguardando start transaction e clock
[193490000] Checker pronto para a proxima!
[193510000] start transaction e clock recebidos
[193530000] aguardando check_done_i
Rodada atual: 433
[193650000] check_done_i RECEBIDO
[193660000] aguardando start transaction e clock
[193660000] Checker pronto para a proxima!
[193680000] start transaction e clock recebidos
[193700000] aguardando check_done_i
Rodada atual: 434
[193780000] check_done_i RECEBIDO
[193790000] aguardando start transaction e clock
[193790000] Checker pronto para a proxima!
[194430000] start transaction e clock recebidos
[194460000] aguardando check_done_i
Rodada atual: 435
[194510000] check_done_i RECEBIDO
[194520000] aguardando start transaction e clock
[194520000] Checker pronto para a proxima!
[194540000] start transaction e clock recebidos
[194600000] aguardando check_done_i
Rodada atual: 436
[194690000] check_done_i RECEBIDO
[194700000] aguardando start transaction e clock
[194700000] Checker pronto para a proxima!
[194720000] start transaction e clock recebidos
[194740000] aguardando check_done_i
Rodada atual: 437
[194780000] check_done_i RECEBIDO
[194790000] aguardando start transaction e clock
[194790000] Checker pronto para a proxima!
[194810000] start transaction e clock recebidos
[194830000] aguardando check_done_i
Rodada atual: 438
[194970000] check_done_i RECEBIDO
[194980000] aguardando start transaction e clock
[194980000] Checker pronto para a proxima!
[195000000] start transaction e clock recebidos
[195020000] aguardando check_done_i
Rodada atual: 439
[195190000] check_done_i RECEBIDO
[195200000] aguardando start transaction e clock
[195200000] Checker pronto para a proxima!
[195220000] start transaction e clock recebidos
[195240000] aguardando check_done_i
Rodada atual: 440
[195400000] check_done_i RECEBIDO
[195410000] aguardando start transaction e clock
[195410000] Checker pronto para a proxima!
[195910000] start transaction e clock recebidos
[195920000] aguardando check_done_i
Rodada atual: 441
[195970000] check_done_i RECEBIDO
[195980000] aguardando start transaction e clock
[195980000] Checker pronto para a proxima!
[196000000] start transaction e clock recebidos
[196020000] aguardando check_done_i
Rodada atual: 442
[196210000] check_done_i RECEBIDO
[196220000] aguardando start transaction e clock
[196220000] Checker pronto para a proxima!
[196240000] start transaction e clock recebidos
[196260000] aguardando check_done_i
Rodada atual: 443
[196370000] check_done_i RECEBIDO
[196380000] aguardando start transaction e clock
[196380000] Checker pronto para a proxima!
[196980000] start transaction e clock recebidos
[197010000] aguardando check_done_i
Rodada atual: 444
[197060000] check_done_i RECEBIDO
[197070000] aguardando start transaction e clock
[197070000] Checker pronto para a proxima!
[197090000] start transaction e clock recebidos
[197110000] aguardando check_done_i
Rodada atual: 445
[197280000] check_done_i RECEBIDO
[197290000] aguardando start transaction e clock
[197290000] Checker pronto para a proxima!
[197310000] start transaction e clock recebidos
[197950000] aguardando check_done_i
Rodada atual: 446
[198050000] check_done_i RECEBIDO
[198060000] aguardando start transaction e clock
[198060000] Checker pronto para a proxima!
[198080000] start transaction e clock recebidos
[198940000] aguardando check_done_i
Rodada atual: 447
[199020000] check_done_i RECEBIDO
[199030000] aguardando start transaction e clock
[199030000] Checker pronto para a proxima!
[199210000] start transaction e clock recebidos
[199220000] aguardando check_done_i
Rodada atual: 448
[199270000] check_done_i RECEBIDO
[199280000] aguardando start transaction e clock
[199280000] Checker pronto para a proxima!
[199300000] start transaction e clock recebidos
[199320000] aguardando check_done_i
Rodada atual: 449
[199490000] check_done_i RECEBIDO
[199500000] aguardando start transaction e clock
[199500000] Checker pronto para a proxima!
[199520000] start transaction e clock recebidos
[199540000] aguardando check_done_i
Rodada atual: 450
[199580000] check_done_i RECEBIDO
[199590000] aguardando start transaction e clock
[199590000] Checker pronto para a proxima!
[199710000] start transaction e clock recebidos
[199720000] aguardando check_done_i
Rodada atual: 451
[199770000] check_done_i RECEBIDO
[199780000] aguardando start transaction e clock
[199780000] Checker pronto para a proxima!
[199800000] start transaction e clock recebidos
[199820000] aguardando check_done_i
Rodada atual: 452
[199960000] check_done_i RECEBIDO
[199970000] aguardando start transaction e clock
[199970000] Checker pronto para a proxima!
[200750000] start transaction e clock recebidos
[200780000] aguardando check_done_i
Rodada atual: 453
[200830000] check_done_i RECEBIDO
[200840000] aguardando start transaction e clock
[200840000] Checker pronto para a proxima!
[201640000] start transaction e clock recebidos
[201650000] aguardando check_done_i
Rodada atual: 454
[201700000] check_done_i RECEBIDO
[201710000] aguardando start transaction e clock
[201710000] Checker pronto para a proxima!
[202030000] start transaction e clock recebidos
[202040000] aguardando check_done_i
Rodada atual: 455
[202090000] check_done_i RECEBIDO
[202100000] aguardando start transaction e clock
[202100000] Checker pronto para a proxima!
[202120000] start transaction e clock recebidos
[202140000] aguardando check_done_i
Rodada atual: 456
[202300000] check_done_i RECEBIDO
[202310000] aguardando start transaction e clock
[202310000] Checker pronto para a proxima!
[202330000] start transaction e clock recebidos
[203140000] aguardando check_done_i
Rodada atual: 457
[203250000] check_done_i RECEBIDO
[203260000] aguardando start transaction e clock
[203260000] Checker pronto para a proxima!
[203280000] start transaction e clock recebidos
[203310000] aguardando check_done_i
Rodada atual: 458
[203350000] check_done_i RECEBIDO
[203360000] aguardando start transaction e clock
[203360000] Checker pronto para a proxima!
[203380000] start transaction e clock recebidos
[203410000] aguardando check_done_i
Rodada atual: 459
[203450000] check_done_i RECEBIDO
[203460000] aguardando start transaction e clock
[203460000] Checker pronto para a proxima!
[203810000] start transaction e clock recebidos
[203840000] aguardando check_done_i
Rodada atual: 460
[203890000] check_done_i RECEBIDO
[203900000] aguardando start transaction e clock
[203900000] Checker pronto para a proxima!
[204690000] start transaction e clock recebidos
[204700000] aguardando check_done_i
Rodada atual: 461
[204750000] check_done_i RECEBIDO
[204760000] aguardando start transaction e clock
[204760000] Checker pronto para a proxima!
[205420000] start transaction e clock recebidos
[205430000] aguardando check_done_i
Rodada atual: 462
[205480000] check_done_i RECEBIDO
[205490000] aguardando start transaction e clock
[205490000] Checker pronto para a proxima!
[205510000] start transaction e clock recebidos
[205530000] aguardando check_done_i
Rodada atual: 463
[205690000] check_done_i RECEBIDO
[205700000] aguardando start transaction e clock
[205700000] Checker pronto para a proxima!
[205720000] start transaction e clock recebidos
[206500000] aguardando check_done_i
Rodada atual: 464
[206570000] check_done_i RECEBIDO
[206580000] aguardando start transaction e clock
[206580000] Checker pronto para a proxima!
[206600000] start transaction e clock recebidos
[207140000] aguardando check_done_i
Rodada atual: 465
[207280000] check_done_i RECEBIDO
[207290000] aguardando start transaction e clock
[207290000] Checker pronto para a proxima!
[207570000] start transaction e clock recebidos
[207580000] aguardando check_done_i
Rodada atual: 466
[207630000] check_done_i RECEBIDO
[207640000] aguardando start transaction e clock
[207640000] Checker pronto para a proxima!
[207660000] start transaction e clock recebidos
[207680000] aguardando check_done_i
Rodada atual: 467
[207860000] check_done_i RECEBIDO
[207870000] aguardando start transaction e clock
[207870000] Checker pronto para a proxima!
[208140000] start transaction e clock recebidos
[208150000] aguardando check_done_i
Rodada atual: 468
[208200000] check_done_i RECEBIDO
[208210000] aguardando start transaction e clock
[208210000] Checker pronto para a proxima!
[208230000] start transaction e clock recebidos
[208290000] aguardando check_done_i
Rodada atual: 469
[208390000] check_done_i RECEBIDO
[208400000] aguardando start transaction e clock
[208400000] Checker pronto para a proxima!
[208420000] start transaction e clock recebidos
[208440000] aguardando check_done_i
Rodada atual: 470
[208610000] check_done_i RECEBIDO
[208620000] aguardando start transaction e clock
[208620000] Checker pronto para a proxima!
[209470000] start transaction e clock recebidos
[209480000] aguardando check_done_i
Rodada atual: 471
[209530000] check_done_i RECEBIDO
[209540000] aguardando start transaction e clock
[209540000] Checker pronto para a proxima!
[209560000] start transaction e clock recebidos
[209580000] aguardando check_done_i
Rodada atual: 472
[209690000] check_done_i RECEBIDO
[209700000] aguardando start transaction e clock
[209700000] Checker pronto para a proxima!
[209720000] start transaction e clock recebidos
[209740000] aguardando check_done_i
Rodada atual: 473
[209910000] check_done_i RECEBIDO
[209920000] aguardando start transaction e clock
[209920000] Checker pronto para a proxima!
[210850000] start transaction e clock recebidos
[210860000] aguardando check_done_i
Rodada atual: 474
[210910000] check_done_i RECEBIDO
[210920000] aguardando start transaction e clock
[210920000] Checker pronto para a proxima!
[210940000] start transaction e clock recebidos
[211000000] aguardando check_done_i
Rodada atual: 475
[211120000] check_done_i RECEBIDO
[211130000] aguardando start transaction e clock
[211130000] Checker pronto para a proxima!
[211150000] start transaction e clock recebidos
[211790000] aguardando check_done_i
Rodada atual: 476
[211900000] check_done_i RECEBIDO
[211910000] aguardando start transaction e clock
[211910000] Checker pronto para a proxima!
[212190000] start transaction e clock recebidos
[212220000] aguardando check_done_i
Rodada atual: 477
[212270000] check_done_i RECEBIDO
[212280000] aguardando start transaction e clock
[212280000] Checker pronto para a proxima!
[212300000] start transaction e clock recebidos
[212420000] aguardando check_done_i
Rodada atual: 478
[212510000] check_done_i RECEBIDO
[212520000] aguardando start transaction e clock
[212520000] Checker pronto para a proxima!
[213070000] start transaction e clock recebidos
[213080000] aguardando check_done_i
Rodada atual: 479
[213130000] check_done_i RECEBIDO
[213140000] aguardando start transaction e clock
[213140000] Checker pronto para a proxima!
[213160000] start transaction e clock recebidos
[213180000] aguardando check_done_i
Rodada atual: 480
[213220000] check_done_i RECEBIDO
[213230000] aguardando start transaction e clock
[213230000] Checker pronto para a proxima!
[213250000] start transaction e clock recebidos
[213270000] aguardando check_done_i
Rodada atual: 481
[213430000] check_done_i RECEBIDO
[213440000] aguardando start transaction e clock
[213440000] Checker pronto para a proxima!
[213460000] start transaction e clock recebidos
[213480000] aguardando check_done_i
Rodada atual: 482
[214130000] check_done_i RECEBIDO
[214140000] aguardando start transaction e clock
[214140000] Checker pronto para a proxima!
[214860000] start transaction e clock recebidos
[214920000] aguardando check_done_i
Rodada atual: 483
[214970000] check_done_i RECEBIDO
[214980000] aguardando start transaction e clock
[214980000] Checker pronto para a proxima!
[215000000] start transaction e clock recebidos
[215060000] aguardando check_done_i
Rodada atual: 484
[215180000] check_done_i RECEBIDO
[215190000] aguardando start transaction e clock
[215190000] Checker pronto para a proxima!
[215210000] start transaction e clock recebidos
[215930000] aguardando check_done_i
Rodada atual: 485
[216030000] check_done_i RECEBIDO
[216040000] aguardando start transaction e clock
[216040000] Checker pronto para a proxima!
[216580000] start transaction e clock recebidos
[216590000] aguardando check_done_i
Rodada atual: 486
[216640000] check_done_i RECEBIDO
[216650000] aguardando start transaction e clock
[216650000] Checker pronto para a proxima!
[216670000] start transaction e clock recebidos
[216690000] aguardando check_done_i
Rodada atual: 487
[216860000] check_done_i RECEBIDO
[216870000] aguardando start transaction e clock
[216870000] Checker pronto para a proxima!
[216890000] start transaction e clock recebidos
[217380000] aguardando check_done_i
Rodada atual: 488
[217520000] check_done_i RECEBIDO
[217530000] aguardando start transaction e clock
[217530000] Checker pronto para a proxima!
[217550000] start transaction e clock recebidos
[217580000] aguardando check_done_i
Rodada atual: 489
[217620000] check_done_i RECEBIDO
[217630000] aguardando start transaction e clock
[217630000] Checker pronto para a proxima!
[217650000] start transaction e clock recebidos
[217710000] aguardando check_done_i
Rodada atual: 490
[217840000] check_done_i RECEBIDO
[217850000] aguardando start transaction e clock
[217850000] Checker pronto para a proxima!
[217870000] start transaction e clock recebidos
[218500000] aguardando check_done_i
Rodada atual: 491
[218630000] check_done_i RECEBIDO
[218640000] aguardando start transaction e clock
[218640000] Checker pronto para a proxima!
[218660000] start transaction e clock recebidos
[219410000] aguardando check_done_i
Rodada atual: 492
[219570000] check_done_i RECEBIDO
[219580000] aguardando start transaction e clock
[219580000] Checker pronto para a proxima!
[219600000] start transaction e clock recebidos
[219620000] aguardando check_done_i
Rodada atual: 493
[220400000] check_done_i RECEBIDO
[220410000] aguardando start transaction e clock
[220410000] Checker pronto para a proxima!
[220430000] start transaction e clock recebidos
[220450000] aguardando check_done_i
Rodada atual: 494
[220580000] check_done_i RECEBIDO
[220590000] aguardando start transaction e clock
[220590000] Checker pronto para a proxima!
[220610000] start transaction e clock recebidos
[221010000] aguardando check_done_i
Rodada atual: 495
[221120000] check_done_i RECEBIDO
[221130000] aguardando start transaction e clock
[221130000] Checker pronto para a proxima!
[221200000] start transaction e clock recebidos
[221210000] aguardando check_done_i
Rodada atual: 496
[221260000] check_done_i RECEBIDO
[221270000] aguardando start transaction e clock
[221270000] Checker pronto para a proxima!
[221290000] start transaction e clock recebidos
[221410000] aguardando check_done_i
Rodada atual: 497
[221490000] check_done_i RECEBIDO
[221500000] aguardando start transaction e clock
[221500000] Checker pronto para a proxima!
[221520000] start transaction e clock recebidos
[221540000] aguardando check_done_i
Rodada atual: 498
[222010000] check_done_i RECEBIDO
[222020000] aguardando start transaction e clock
[222020000] Checker pronto para a proxima!
[222670000] start transaction e clock recebidos
[222700000] aguardando check_done_i
Rodada atual: 499
[222750000] check_done_i RECEBIDO
[222760000] aguardando start transaction e clock
[222760000] Checker pronto para a proxima!
[222780000] start transaction e clock recebidos
[222810000] aguardando check_done_i
Rodada atual: 500
[222890000] check_done_i RECEBIDO
[222900000] aguardando start transaction e clock
[222900000] Checker pronto para a proxima!
[222920000] start transaction e clock recebidos
[222940000] aguardando check_done_i
Rodada atual: 501
[223110000] check_done_i RECEBIDO
[223120000] aguardando start transaction e clock
[223120000] Checker pronto para a proxima!
[224090000] start transaction e clock recebidos
[224100000] aguardando check_done_i
Rodada atual: 502
[224150000] check_done_i RECEBIDO
[224160000] aguardando start transaction e clock
[224160000] Checker pronto para a proxima!
[224870000] start transaction e clock recebidos
[224880000] aguardando check_done_i
Rodada atual: 503
[224930000] check_done_i RECEBIDO
[224940000] aguardando start transaction e clock
[224940000] Checker pronto para a proxima!
[224960000] start transaction e clock recebidos
[224980000] aguardando check_done_i
Rodada atual: 504
[225020000] check_done_i RECEBIDO
[225030000] aguardando start transaction e clock
[225030000] Checker pronto para a proxima!
[225050000] start transaction e clock recebidos
[225110000] aguardando check_done_i
Rodada atual: 505
[225250000] check_done_i RECEBIDO
[225260000] aguardando start transaction e clock
[225260000] Checker pronto para a proxima!
[225740000] start transaction e clock recebidos
[225770000] aguardando check_done_i
Rodada atual: 506
[225820000] check_done_i RECEBIDO
[225830000] aguardando start transaction e clock
[225830000] Checker pronto para a proxima!
[225850000] start transaction e clock recebidos
[225880000] aguardando check_done_i
Rodada atual: 507
[225920000] check_done_i RECEBIDO
[225930000] aguardando start transaction e clock
[225930000] Checker pronto para a proxima!
[226890000] start transaction e clock recebidos
[226900000] aguardando check_done_i
Rodada atual: 508
[226950000] check_done_i RECEBIDO
[226960000] aguardando start transaction e clock
[226960000] Checker pronto para a proxima!
[226980000] start transaction e clock recebidos
[227000000] aguardando check_done_i
Rodada atual: 509
[227170000] check_done_i RECEBIDO
[227180000] aguardando start transaction e clock
[227180000] Checker pronto para a proxima!
[227200000] start transaction e clock recebidos
[227230000] aguardando check_done_i
Rodada atual: 510
[227460000] check_done_i RECEBIDO
[227470000] aguardando start transaction e clock
[227470000] Checker pronto para a proxima!
[227490000] start transaction e clock recebidos
[227510000] aguardando check_done_i
Rodada atual: 511
[227640000] check_done_i RECEBIDO
[227650000] aguardando start transaction e clock
[227650000] Checker pronto para a proxima!
[228050000] start transaction e clock recebidos
[228060000] aguardando check_done_i
Rodada atual: 512
[228110000] check_done_i RECEBIDO
[228120000] aguardando start transaction e clock
[228120000] Checker pronto para a proxima!
[228590000] start transaction e clock recebidos
[228600000] aguardando check_done_i
Rodada atual: 513
[228650000] check_done_i RECEBIDO
[228660000] aguardando start transaction e clock
[228660000] Checker pronto para a proxima!
[229280000] start transaction e clock recebidos
[229290000] aguardando check_done_i
Rodada atual: 514
[229340000] check_done_i RECEBIDO
[229350000] aguardando start transaction e clock
[229350000] Checker pronto para a proxima!
[229370000] start transaction e clock recebidos
[229390000] aguardando check_done_i
Rodada atual: 515
[229570000] check_done_i RECEBIDO
[229580000] aguardando start transaction e clock
[229580000] Checker pronto para a proxima!
[229600000] start transaction e clock recebidos
[229630000] aguardando check_done_i
Rodada atual: 516
[229860000] check_done_i RECEBIDO
[229870000] aguardando start transaction e clock
[229870000] Checker pronto para a proxima!
[229890000] start transaction e clock recebidos
[229910000] aguardando check_done_i
Rodada atual: 517
[229950000] check_done_i RECEBIDO
[229960000] aguardando start transaction e clock
[229960000] Checker pronto para a proxima!
[229980000] start transaction e clock recebidos
[230170000] aguardando check_done_i
Rodada atual: 518
[230280000] check_done_i RECEBIDO
[230290000] aguardando start transaction e clock
[230290000] Checker pronto para a proxima!
[230560000] start transaction e clock recebidos
[230570000] aguardando check_done_i
Rodada atual: 519
[230620000] check_done_i RECEBIDO
[230630000] aguardando start transaction e clock
[230630000] Checker pronto para a proxima!
[230650000] start transaction e clock recebidos
[230710000] aguardando check_done_i
Rodada atual: 520
[230780000] check_done_i RECEBIDO
[230790000] aguardando start transaction e clock
[230790000] Checker pronto para a proxima!
[231540000] start transaction e clock recebidos
[231550000] aguardando check_done_i
Rodada atual: 521
[231600000] check_done_i RECEBIDO
[231610000] aguardando start transaction e clock
[231610000] Checker pronto para a proxima!
[232390000] start transaction e clock recebidos
[232400000] aguardando check_done_i
Rodada atual: 522
[232450000] check_done_i RECEBIDO
[232460000] aguardando start transaction e clock
[232460000] Checker pronto para a proxima!
[232480000] start transaction e clock recebidos
[232500000] aguardando check_done_i
Rodada atual: 523
[232670000] check_done_i RECEBIDO
[232680000] aguardando start transaction e clock
[232680000] Checker pronto para a proxima!
[232700000] start transaction e clock recebidos
[232720000] aguardando check_done_i
Rodada atual: 524
[233260000] check_done_i RECEBIDO
[233270000] aguardando start transaction e clock
[233270000] Checker pronto para a proxima!
[233290000] start transaction e clock recebidos
[233320000] aguardando check_done_i
Rodada atual: 525
[233360000] check_done_i RECEBIDO
[233370000] aguardando start transaction e clock
[233370000] Checker pronto para a proxima!
[233430000] start transaction e clock recebidos
[233440000] aguardando check_done_i
Rodada atual: 526
[233490000] check_done_i RECEBIDO
[233500000] aguardando start transaction e clock
[233500000] Checker pronto para a proxima!
[233520000] start transaction e clock recebidos
[233790000] aguardando check_done_i
Rodada atual: 527
[233930000] check_done_i RECEBIDO
[233940000] aguardando start transaction e clock
[233940000] Checker pronto para a proxima!
[233960000] start transaction e clock recebidos
[233990000] aguardando check_done_i
Rodada atual: 528
[234100000] check_done_i RECEBIDO
[234110000] aguardando start transaction e clock
[234110000] Checker pronto para a proxima!
[234130000] start transaction e clock recebidos
[234190000] aguardando check_done_i
Rodada atual: 529
[234330000] check_done_i RECEBIDO
[234340000] aguardando start transaction e clock
[234340000] Checker pronto para a proxima!
[234360000] start transaction e clock recebidos
[234390000] aguardando check_done_i
Rodada atual: 530
[234590000] check_done_i RECEBIDO
[234600000] aguardando start transaction e clock
[234600000] Checker pronto para a proxima!
[234630000] start transaction e clock recebidos
[234660000] aguardando check_done_i
Rodada atual: 531
[234690000] check_done_i RECEBIDO
[234700000] aguardando start transaction e clock
[234700000] Checker pronto para a proxima!
[234720000] start transaction e clock recebidos
[234940000] aguardando check_done_i
Rodada atual: 532
[235030000] check_done_i RECEBIDO
[235040000] aguardando start transaction e clock
[235040000] Checker pronto para a proxima!
[235060000] start transaction e clock recebidos
[235120000] aguardando check_done_i
Rodada atual: 533
[235200000] check_done_i RECEBIDO
[235210000] aguardando start transaction e clock
[235210000] Checker pronto para a proxima!
[235230000] start transaction e clock recebidos
[235940000] aguardando check_done_i
Rodada atual: 534
[236090000] check_done_i RECEBIDO
[236100000] aguardando start transaction e clock
[236100000] Checker pronto para a proxima!
[236760000] start transaction e clock recebidos
[236770000] aguardando check_done_i
Rodada atual: 535
[236820000] check_done_i RECEBIDO
[236830000] aguardando start transaction e clock
[236830000] Checker pronto para a proxima!
[237670000] start transaction e clock recebidos
[237680000] aguardando check_done_i
Rodada atual: 536
[237730000] check_done_i RECEBIDO
[237740000] aguardando start transaction e clock
[237740000] Checker pronto para a proxima!
[237760000] start transaction e clock recebidos
[237820000] aguardando check_done_i
Rodada atual: 537
[237920000] check_done_i RECEBIDO
[237930000] aguardando start transaction e clock
[237930000] Checker pronto para a proxima!
[238340000] start transaction e clock recebidos
[238350000] aguardando check_done_i
Rodada atual: 538
[238400000] check_done_i RECEBIDO
[238410000] aguardando start transaction e clock
[238410000] Checker pronto para a proxima!
[238430000] start transaction e clock recebidos
[238450000] aguardando check_done_i
Rodada atual: 539
[238590000] check_done_i RECEBIDO
[238600000] aguardando start transaction e clock
[238600000] Checker pronto para a proxima!
[238620000] start transaction e clock recebidos
[238710000] aguardando check_done_i
Rodada atual: 540
[238810000] check_done_i RECEBIDO
[238820000] aguardando start transaction e clock
[238820000] Checker pronto para a proxima!
[239820000] start transaction e clock recebidos
[239830000] aguardando check_done_i
Rodada atual: 541
[239880000] check_done_i RECEBIDO
[239890000] aguardando start transaction e clock
[239890000] Checker pronto para a proxima!
[239910000] start transaction e clock recebidos
[239930000] aguardando check_done_i
Rodada atual: 542
[239970000] check_done_i RECEBIDO
[239980000] aguardando start transaction e clock
[239980000] Checker pronto para a proxima!
[240000000] start transaction e clock recebidos
[240030000] aguardando check_done_i
Rodada atual: 543
[240170000] check_done_i RECEBIDO
[240180000] aguardando start transaction e clock
[240180000] Checker pronto para a proxima!
[240200000] start transaction e clock recebidos
[240260000] aguardando check_done_i
Rodada atual: 544
[240340000] check_done_i RECEBIDO
[240350000] aguardando start transaction e clock
[240350000] Checker pronto para a proxima!
[241060000] start transaction e clock recebidos
[241070000] aguardando check_done_i
Rodada atual: 545
[241120000] check_done_i RECEBIDO
[241130000] aguardando start transaction e clock
[241130000] Checker pronto para a proxima!
[241150000] start transaction e clock recebidos
[241210000] aguardando check_done_i
Rodada atual: 546
[241340000] check_done_i RECEBIDO
[241350000] aguardando start transaction e clock
[241350000] Checker pronto para a proxima!
[241370000] start transaction e clock recebidos
[241380000] aguardando check_done_i
Rodada atual: 547
[241430000] check_done_i RECEBIDO
[241440000] aguardando start transaction e clock
[241440000] Checker pronto para a proxima!
[241500000] start transaction e clock recebidos
[241510000] aguardando check_done_i
Rodada atual: 548
[241560000] check_done_i RECEBIDO
[241570000] aguardando start transaction e clock
[241570000] Checker pronto para a proxima!
[241590000] start transaction e clock recebidos
[241610000] aguardando check_done_i
Rodada atual: 549
[241700000] check_done_i RECEBIDO
[241710000] aguardando start transaction e clock
[241710000] Checker pronto para a proxima!
[241730000] start transaction e clock recebidos
[242010000] aguardando check_done_i
Rodada atual: 550
[242140000] check_done_i RECEBIDO
[242150000] aguardando start transaction e clock
[242150000] Checker pronto para a proxima!
[242170000] start transaction e clock recebidos
[242190000] aguardando check_done_i
Rodada atual: 551
[243020000] check_done_i RECEBIDO
[243030000] aguardando start transaction e clock
[243030000] Checker pronto para a proxima!
[243730000] start transaction e clock recebidos
[243740000] aguardando check_done_i
Rodada atual: 552
[243790000] check_done_i RECEBIDO
[243800000] aguardando start transaction e clock
[243800000] Checker pronto para a proxima!
[243820000] start transaction e clock recebidos
[243840000] aguardando check_done_i
Rodada atual: 553
[243980000] check_done_i RECEBIDO
[243990000] aguardando start transaction e clock
[243990000] Checker pronto para a proxima!
[244010000] start transaction e clock recebidos
[244030000] aguardando check_done_i
Rodada atual: 554
[244800000] check_done_i RECEBIDO
[244810000] aguardando start transaction e clock
[244810000] Checker pronto para a proxima!
[244830000] start transaction e clock recebidos
[245560000] aguardando check_done_i
Rodada atual: 555
[245720000] check_done_i RECEBIDO
[245730000] aguardando start transaction e clock
[245730000] Checker pronto para a proxima!
[245750000] start transaction e clock recebidos
[245770000] aguardando check_done_i
Rodada atual: 556
[245810000] check_done_i RECEBIDO
[245820000] aguardando start transaction e clock
[245820000] Checker pronto para a proxima!
[245840000] start transaction e clock recebidos
[246290000] aguardando check_done_i
Rodada atual: 557
[246410000] check_done_i RECEBIDO
[246420000] aguardando start transaction e clock
[246420000] Checker pronto para a proxima!
[246440000] start transaction e clock recebidos
[246460000] aguardando check_done_i
Rodada atual: 558
[246500000] check_done_i RECEBIDO
[246510000] aguardando start transaction e clock
[246510000] Checker pronto para a proxima!
[247520000] start transaction e clock recebidos
[247530000] aguardando check_done_i
Rodada atual: 559
[247580000] check_done_i RECEBIDO
[247590000] aguardando start transaction e clock
[247590000] Checker pronto para a proxima!
[247610000] start transaction e clock recebidos
[247630000] aguardando check_done_i
Rodada atual: 560
[247790000] check_done_i RECEBIDO
[247800000] aguardando start transaction e clock
[247800000] Checker pronto para a proxima!
[247990000] start transaction e clock recebidos
[248020000] aguardando check_done_i
Rodada atual: 561
[248070000] check_done_i RECEBIDO
[248080000] aguardando start transaction e clock
[248080000] Checker pronto para a proxima!
[248330000] start transaction e clock recebidos
[248340000] aguardando check_done_i
Rodada atual: 562
[248390000] check_done_i RECEBIDO
[248400000] aguardando start transaction e clock
[248400000] Checker pronto para a proxima!
[248420000] start transaction e clock recebidos
[248440000] aguardando check_done_i
Rodada atual: 563
[248610000] check_done_i RECEBIDO
[248620000] aguardando start transaction e clock
[248620000] Checker pronto para a proxima!
[248640000] start transaction e clock recebidos
[248660000] aguardando check_done_i
Rodada atual: 564
[248750000] check_done_i RECEBIDO
[248760000] aguardando start transaction e clock
[248760000] Checker pronto para a proxima!
[248780000] start transaction e clock recebidos
[248840000] aguardando check_done_i
Rodada atual: 565
[248970000] check_done_i RECEBIDO
[248980000] aguardando start transaction e clock
[248980000] Checker pronto para a proxima!
[249000000] start transaction e clock recebidos
[249320000] aguardando check_done_i
Rodada atual: 566
[249360000] check_done_i RECEBIDO
[249370000] aguardando start transaction e clock
[249370000] Checker pronto para a proxima!
[249390000] start transaction e clock recebidos
[249450000] aguardando check_done_i
Rodada atual: 567
[249530000] check_done_i RECEBIDO
[249540000] aguardando start transaction e clock
[249540000] Checker pronto para a proxima!
[249560000] start transaction e clock recebidos
[249590000] aguardando check_done_i
Rodada atual: 568
[249760000] check_done_i RECEBIDO
[249770000] aguardando start transaction e clock
[249770000] Checker pronto para a proxima!
[249790000] start transaction e clock recebidos
[249810000] aguardando check_done_i
Rodada atual: 569
[250050000] check_done_i RECEBIDO
[250060000] aguardando start transaction e clock
[250060000] Checker pronto para a proxima!
[250210000] start transaction e clock recebidos
[250220000] aguardando check_done_i
Rodada atual: 570
[250270000] check_done_i RECEBIDO
[250280000] aguardando start transaction e clock
[250280000] Checker pronto para a proxima!
[250300000] start transaction e clock recebidos
[250320000] aguardando check_done_i
Rodada atual: 571
[250410000] check_done_i RECEBIDO
[250420000] aguardando start transaction e clock
[250420000] Checker pronto para a proxima!
[250440000] start transaction e clock recebidos
[250460000] aguardando check_done_i
Rodada atual: 572
[250630000] check_done_i RECEBIDO
[250640000] aguardando start transaction e clock
[250640000] Checker pronto para a proxima!
[250660000] start transaction e clock recebidos
[250680000] aguardando check_done_i
Rodada atual: 573
[251240000] check_done_i RECEBIDO
[251250000] aguardando start transaction e clock
[251250000] Checker pronto para a proxima!
[251270000] start transaction e clock recebidos
[251290000] aguardando check_done_i
Rodada atual: 574
[252230000] check_done_i RECEBIDO
[252240000] aguardando start transaction e clock
[252240000] Checker pronto para a proxima!
[253220000] start transaction e clock recebidos
[253230000] aguardando check_done_i
Rodada atual: 575
[253280000] check_done_i RECEBIDO
[253290000] aguardando start transaction e clock
[253290000] Checker pronto para a proxima!
[253310000] start transaction e clock recebidos
[253370000] aguardando check_done_i
Rodada atual: 576
[253530000] check_done_i RECEBIDO
[253540000] aguardando start transaction e clock
[253540000] Checker pronto para a proxima!
[253560000] start transaction e clock recebidos
[253580000] aguardando check_done_i
Rodada atual: 577
[254420000] check_done_i RECEBIDO
[254430000] aguardando start transaction e clock
[254430000] Checker pronto para a proxima!
[254450000] start transaction e clock recebidos
[254580000] aguardando check_done_i
Rodada atual: 578
[254710000] check_done_i RECEBIDO
[254720000] aguardando start transaction e clock
[254720000] Checker pronto para a proxima!
[254740000] start transaction e clock recebidos
[254760000] aguardando check_done_i
Rodada atual: 579
[254870000] check_done_i RECEBIDO
[254880000] aguardando start transaction e clock
[254880000] Checker pronto para a proxima!
[255550000] start transaction e clock recebidos
[255560000] aguardando check_done_i
Rodada atual: 580
[255610000] check_done_i RECEBIDO
[255620000] aguardando start transaction e clock
[255620000] Checker pronto para a proxima!
[255640000] start transaction e clock recebidos
[255660000] aguardando check_done_i
Rodada atual: 581
[255840000] check_done_i RECEBIDO
[255850000] aguardando start transaction e clock
[255850000] Checker pronto para a proxima!
[255870000] start transaction e clock recebidos
[255900000] aguardando check_done_i
Rodada atual: 582
[256060000] check_done_i RECEBIDO
[256070000] aguardando start transaction e clock
[256070000] Checker pronto para a proxima!
[256120000] start transaction e clock recebidos
[256130000] aguardando check_done_i
Rodada atual: 583
[256180000] check_done_i RECEBIDO
[256190000] aguardando start transaction e clock
[256190000] Checker pronto para a proxima!
[256210000] start transaction e clock recebidos
[256230000] aguardando check_done_i
Rodada atual: 584
[256800000] check_done_i RECEBIDO
[256810000] aguardando start transaction e clock
[256810000] Checker pronto para a proxima!
[256830000] start transaction e clock recebidos
[256850000] aguardando check_done_i
Rodada atual: 585
[257090000] check_done_i RECEBIDO
[257100000] aguardando start transaction e clock
[257100000] Checker pronto para a proxima!
[257380000] start transaction e clock recebidos
[257410000] aguardando check_done_i
Rodada atual: 586
[257460000] check_done_i RECEBIDO
[257470000] aguardando start transaction e clock
[257470000] Checker pronto para a proxima!
[257640000] start transaction e clock recebidos
[257650000] aguardando check_done_i
Rodada atual: 587
[257700000] check_done_i RECEBIDO
[257710000] aguardando start transaction e clock
[257710000] Checker pronto para a proxima!
[258330000] start transaction e clock recebidos
[258340000] aguardando check_done_i
Rodada atual: 588
[258390000] check_done_i RECEBIDO
[258400000] aguardando start transaction e clock
[258400000] Checker pronto para a proxima!
[258420000] start transaction e clock recebidos
[258450000] aguardando check_done_i
Rodada atual: 589
[258490000] check_done_i RECEBIDO
[258500000] aguardando start transaction e clock
[258500000] Checker pronto para a proxima!
[258520000] start transaction e clock recebidos
[258580000] aguardando check_done_i
Rodada atual: 590
[258740000] check_done_i RECEBIDO
[258750000] aguardando start transaction e clock
[258750000] Checker pronto para a proxima!
[258770000] start transaction e clock recebidos
[258910000] aguardando check_done_i
Rodada atual: 591
[259050000] check_done_i RECEBIDO
[259060000] aguardando start transaction e clock
[259060000] Checker pronto para a proxima!
[259080000] start transaction e clock recebidos
[259100000] aguardando check_done_i
Rodada atual: 592
[259250000] check_done_i RECEBIDO
[259260000] aguardando start transaction e clock
[259260000] Checker pronto para a proxima!
[259500000] start transaction e clock recebidos
[259510000] aguardando check_done_i
Rodada atual: 593
[259560000] check_done_i RECEBIDO
[259570000] aguardando start transaction e clock
[259570000] Checker pronto para a proxima!
[260460000] start transaction e clock recebidos
[260470000] aguardando check_done_i
Rodada atual: 594
[260520000] check_done_i RECEBIDO
[260530000] aguardando start transaction e clock
[260530000] Checker pronto para a proxima!
[261370000] start transaction e clock recebidos
[261380000] aguardando check_done_i
Rodada atual: 595
[261430000] check_done_i RECEBIDO
[261440000] aguardando start transaction e clock
[261440000] Checker pronto para a proxima!
[261460000] start transaction e clock recebidos
[261520000] aguardando check_done_i
Rodada atual: 596
[261650000] check_done_i RECEBIDO
[261660000] aguardando start transaction e clock
[261660000] Checker pronto para a proxima!
[261680000] start transaction e clock recebidos
[261740000] aguardando check_done_i
Rodada atual: 597
[261860000] check_done_i RECEBIDO
[261870000] aguardando start transaction e clock
[261870000] Checker pronto para a proxima!
[262000000] start transaction e clock recebidos
[262030000] aguardando check_done_i
Rodada atual: 598
[262080000] check_done_i RECEBIDO
[262090000] aguardando start transaction e clock
[262090000] Checker pronto para a proxima!
[262110000] start transaction e clock recebidos
[262140000] aguardando check_done_i
Rodada atual: 599
[262180000] check_done_i RECEBIDO
[262190000] aguardando start transaction e clock
[262190000] Checker pronto para a proxima!
[262770000] start transaction e clock recebidos
[262780000] aguardando check_done_i
Rodada atual: 600
[262830000] check_done_i RECEBIDO
[262840000] aguardando start transaction e clock
[262840000] Checker pronto para a proxima!
[262860000] start transaction e clock recebidos
[262880000] aguardando check_done_i
Rodada atual: 601
[262920000] check_done_i RECEBIDO
[262930000] aguardando start transaction e clock
[262930000] Checker pronto para a proxima!
[263870000] start transaction e clock recebidos
[263900000] aguardando check_done_i
Rodada atual: 602
[263950000] check_done_i RECEBIDO
[263960000] aguardando start transaction e clock
[263960000] Checker pronto para a proxima!
[263980000] start transaction e clock recebidos
[264040000] aguardando check_done_i
Rodada atual: 603
[264160000] check_done_i RECEBIDO
[264170000] aguardando start transaction e clock
[264170000] Checker pronto para a proxima!
[264190000] start transaction e clock recebidos
[264860000] aguardando check_done_i
Rodada atual: 604
[264980000] check_done_i RECEBIDO
[264990000] aguardando start transaction e clock
[264990000] Checker pronto para a proxima!
[265010000] start transaction e clock recebidos
[265030000] aguardando check_done_i
Rodada atual: 605
[265200000] check_done_i RECEBIDO
[265210000] aguardando start transaction e clock
[265210000] Checker pronto para a proxima!
[265220000] start transaction e clock recebidos
[265230000] aguardando check_done_i
Rodada atual: 606
[265280000] check_done_i RECEBIDO
[265290000] aguardando start transaction e clock
[265290000] Checker pronto para a proxima!
[265310000] start transaction e clock recebidos
[265340000] aguardando check_done_i
Rodada atual: 607
[265380000] check_done_i RECEBIDO
[265390000] aguardando start transaction e clock
[265390000] Checker pronto para a proxima!
[265410000] start transaction e clock recebidos
[265440000] aguardando check_done_i
Rodada atual: 608
[265550000] check_done_i RECEBIDO
[265560000] aguardando start transaction e clock
[265560000] Checker pronto para a proxima!
[265580000] start transaction e clock recebidos
[265950000] aguardando check_done_i
Rodada atual: 609
[266070000] check_done_i RECEBIDO
[266080000] aguardando start transaction e clock
[266080000] Checker pronto para a proxima!
[266670000] start transaction e clock recebidos
[266700000] aguardando check_done_i
Rodada atual: 610
[266750000] check_done_i RECEBIDO
[266760000] aguardando start transaction e clock
[266760000] Checker pronto para a proxima!
[267310000] start transaction e clock recebidos
[267340000] aguardando check_done_i
Rodada atual: 611
[267390000] check_done_i RECEBIDO
[267400000] aguardando start transaction e clock
[267400000] Checker pronto para a proxima!
[267420000] start transaction e clock recebidos
[267440000] aguardando check_done_i
Rodada atual: 612
[267610000] check_done_i RECEBIDO
[267620000] aguardando start transaction e clock
[267620000] Checker pronto para a proxima!
[268370000] start transaction e clock recebidos
[268400000] aguardando check_done_i
Rodada atual: 613
[268450000] check_done_i RECEBIDO
[268460000] aguardando start transaction e clock
[268460000] Checker pronto para a proxima!
[269430000] start transaction e clock recebidos
[269460000] aguardando check_done_i
Rodada atual: 614
[269510000] check_done_i RECEBIDO
[269520000] aguardando start transaction e clock
[269520000] Checker pronto para a proxima!
[269540000] start transaction e clock recebidos
[269600000] aguardando check_done_i
Rodada atual: 615
[269710000] check_done_i RECEBIDO
[269720000] aguardando start transaction e clock
[269720000] Checker pronto para a proxima!
[270080000] start transaction e clock recebidos
[270090000] aguardando check_done_i
Rodada atual: 616
[270140000] check_done_i RECEBIDO
[270150000] aguardando start transaction e clock
[270150000] Checker pronto para a proxima!
[271030000] start transaction e clock recebidos
[271060000] aguardando check_done_i
Rodada atual: 617
[271110000] check_done_i RECEBIDO
[271120000] aguardando start transaction e clock
[271120000] Checker pronto para a proxima!
[271140000] start transaction e clock recebidos
[271160000] aguardando check_done_i
Rodada atual: 618
[271200000] check_done_i RECEBIDO
[271210000] aguardando start transaction e clock
[271210000] Checker pronto para a proxima!
[271230000] start transaction e clock recebidos
[271250000] aguardando check_done_i
Rodada atual: 619
[271390000] check_done_i RECEBIDO
[271400000] aguardando start transaction e clock
[271400000] Checker pronto para a proxima!
[271420000] start transaction e clock recebidos
[271440000] aguardando check_done_i
Rodada atual: 620
[272210000] check_done_i RECEBIDO
[272220000] aguardando start transaction e clock
[272220000] Checker pronto para a proxima!
[272240000] start transaction e clock recebidos
[272260000] aguardando check_done_i
Rodada atual: 621
[272500000] check_done_i RECEBIDO
[272510000] aguardando start transaction e clock
[272510000] Checker pronto para a proxima!
[272530000] start transaction e clock recebidos
[272550000] aguardando check_done_i
Rodada atual: 622
[272710000] check_done_i RECEBIDO
[272720000] aguardando start transaction e clock
[272720000] Checker pronto para a proxima!
[272740000] start transaction e clock recebidos
[272920000] aguardando check_done_i
Rodada atual: 623
[272960000] check_done_i RECEBIDO
[272970000] aguardando start transaction e clock
[272970000] Checker pronto para a proxima!
[273950000] start transaction e clock recebidos
[273960000] aguardando check_done_i
Rodada atual: 624
[274010000] check_done_i RECEBIDO
[274020000] aguardando start transaction e clock
[274020000] Checker pronto para a proxima!
[274040000] start transaction e clock recebidos
[274060000] aguardando check_done_i
Rodada atual: 625
[274270000] check_done_i RECEBIDO
[274280000] aguardando start transaction e clock
[274280000] Checker pronto para a proxima!
[274300000] start transaction e clock recebidos
[274330000] aguardando check_done_i
Rodada atual: 626
[274370000] check_done_i RECEBIDO
[274380000] aguardando start transaction e clock
[274380000] Checker pronto para a proxima!
[274400000] start transaction e clock recebidos
[274420000] aguardando check_done_i
Rodada atual: 627
[274910000] check_done_i RECEBIDO
[274920000] aguardando start transaction e clock
[274920000] Checker pronto para a proxima!
[274940000] start transaction e clock recebidos
[275190000] aguardando check_done_i
Rodada atual: 628
[275230000] check_done_i RECEBIDO
[275240000] aguardando start transaction e clock
[275240000] Checker pronto para a proxima!
[275260000] start transaction e clock recebidos
[275350000] aguardando check_done_i
Rodada atual: 629
[275430000] check_done_i RECEBIDO
[275440000] aguardando start transaction e clock
[275440000] Checker pronto para a proxima!
[276190000] start transaction e clock recebidos
[276200000] aguardando check_done_i
Rodada atual: 630
[276250000] check_done_i RECEBIDO
[276260000] aguardando start transaction e clock
[276260000] Checker pronto para a proxima!
[276280000] start transaction e clock recebidos
[276340000] aguardando check_done_i
Rodada atual: 631
[276440000] check_done_i RECEBIDO
[276450000] aguardando start transaction e clock
[276450000] Checker pronto para a proxima!
[276610000] start transaction e clock recebidos
[276620000] aguardando check_done_i
Rodada atual: 632
[276670000] check_done_i RECEBIDO
[276680000] aguardando start transaction e clock
[276680000] Checker pronto para a proxima!
[276770000] start transaction e clock recebidos
[276800000] aguardando check_done_i
Rodada atual: 633
[276850000] check_done_i RECEBIDO
[276860000] aguardando start transaction e clock
[276860000] Checker pronto para a proxima!
[277790000] start transaction e clock recebidos
[277820000] aguardando check_done_i
Rodada atual: 634
[277870000] check_done_i RECEBIDO
[277880000] aguardando start transaction e clock
[277880000] Checker pronto para a proxima!
[277900000] start transaction e clock recebidos
[277960000] aguardando check_done_i
Rodada atual: 635
[278100000] check_done_i RECEBIDO
[278110000] aguardando start transaction e clock
[278110000] Checker pronto para a proxima!
[278130000] start transaction e clock recebidos
[278160000] aguardando check_done_i
Rodada atual: 636
[278280000] check_done_i RECEBIDO
[278290000] aguardando start transaction e clock
[278290000] Checker pronto para a proxima!
[278790000] start transaction e clock recebidos
[278800000] aguardando check_done_i
Rodada atual: 637
[278850000] check_done_i RECEBIDO
[278860000] aguardando start transaction e clock
[278860000] Checker pronto para a proxima!
[279380000] start transaction e clock recebidos
[279390000] aguardando check_done_i
Rodada atual: 638
[279440000] check_done_i RECEBIDO
[279450000] aguardando start transaction e clock
[279450000] Checker pronto para a proxima!
[279470000] start transaction e clock recebidos
[279490000] aguardando check_done_i
Rodada atual: 639
[279650000] check_done_i RECEBIDO
[279660000] aguardando start transaction e clock
[279660000] Checker pronto para a proxima!
[279680000] start transaction e clock recebidos
[279700000] aguardando check_done_i
Rodada atual: 640
[279740000] check_done_i RECEBIDO
[279750000] aguardando start transaction e clock
[279750000] Checker pronto para a proxima!
[279770000] start transaction e clock recebidos
[279870000] aguardando check_done_i
Rodada atual: 641
[279970000] check_done_i RECEBIDO
[279980000] aguardando start transaction e clock
[279980000] Checker pronto para a proxima!
[280200000] start transaction e clock recebidos
[280210000] aguardando check_done_i
Rodada atual: 642
[280260000] check_done_i RECEBIDO
[280270000] aguardando start transaction e clock
[280270000] Checker pronto para a proxima!
[280290000] start transaction e clock recebidos
[280310000] aguardando check_done_i
Rodada atual: 643
[280350000] check_done_i RECEBIDO
[280360000] aguardando start transaction e clock
[280360000] Checker pronto para a proxima!
[281100000] start transaction e clock recebidos
[281110000] aguardando check_done_i
Rodada atual: 644
[281160000] check_done_i RECEBIDO
[281170000] aguardando start transaction e clock
[281170000] Checker pronto para a proxima!
[281190000] start transaction e clock recebidos
[281210000] aguardando check_done_i
Rodada atual: 645
[281360000] check_done_i RECEBIDO
[281370000] aguardando start transaction e clock
[281370000] Checker pronto para a proxima!
[281390000] start transaction e clock recebidos
[281410000] aguardando check_done_i
Rodada atual: 646
[281450000] check_done_i RECEBIDO
[281460000] aguardando start transaction e clock
[281460000] Checker pronto para a proxima!
[281480000] start transaction e clock recebidos
[281500000] aguardando check_done_i
Rodada atual: 647
[281580000] check_done_i RECEBIDO
[281590000] aguardando start transaction e clock
[281590000] Checker pronto para a proxima!
[281610000] start transaction e clock recebidos
[281630000] aguardando check_done_i
Rodada atual: 648
[281930000] check_done_i RECEBIDO
[281940000] aguardando start transaction e clock
[281940000] Checker pronto para a proxima!
[281960000] start transaction e clock recebidos
[281980000] aguardando check_done_i
Rodada atual: 649
[282020000] check_done_i RECEBIDO
[282030000] aguardando start transaction e clock
[282030000] Checker pronto para a proxima!
[282050000] start transaction e clock recebidos
[282110000] aguardando check_done_i
Rodada atual: 650
[282220000] check_done_i RECEBIDO
[282230000] aguardando start transaction e clock
[282230000] Checker pronto para a proxima!
[282250000] start transaction e clock recebidos
[282270000] aguardando check_done_i
Rodada atual: 651
[282430000] check_done_i RECEBIDO
[282440000] aguardando start transaction e clock
[282440000] Checker pronto para a proxima!
[282460000] start transaction e clock recebidos
[282570000] aguardando check_done_i
Rodada atual: 652
[282700000] check_done_i RECEBIDO
[282710000] aguardando start transaction e clock
[282710000] Checker pronto para a proxima!
[282730000] start transaction e clock recebidos
[282750000] aguardando check_done_i
Rodada atual: 653
[283010000] check_done_i RECEBIDO
[283020000] aguardando start transaction e clock
[283020000] Checker pronto para a proxima!
[283640000] start transaction e clock recebidos
[283650000] aguardando check_done_i
Rodada atual: 654
[283700000] check_done_i RECEBIDO
[283710000] aguardando start transaction e clock
[283710000] Checker pronto para a proxima!
[283730000] start transaction e clock recebidos
[283750000] aguardando check_done_i
Rodada atual: 655
[283880000] check_done_i RECEBIDO
[283890000] aguardando start transaction e clock
[283890000] Checker pronto para a proxima!
[284370000] start transaction e clock recebidos
[284380000] aguardando check_done_i
Rodada atual: 656
[284430000] check_done_i RECEBIDO
[284440000] aguardando start transaction e clock
[284440000] Checker pronto para a proxima!
[284460000] start transaction e clock recebidos
[284480000] aguardando check_done_i
Rodada atual: 657
[284690000] check_done_i RECEBIDO
[284700000] aguardando start transaction e clock
[284700000] Checker pronto para a proxima!
[285550000] start transaction e clock recebidos
[285560000] aguardando check_done_i
Rodada atual: 658
[285610000] check_done_i RECEBIDO
[285620000] aguardando start transaction e clock
[285620000] Checker pronto para a proxima!
[285640000] start transaction e clock recebidos
[285660000] aguardando check_done_i
Rodada atual: 659
[285860000] check_done_i RECEBIDO
[285870000] aguardando start transaction e clock
[285870000] Checker pronto para a proxima!
[286120000] start transaction e clock recebidos
[286130000] aguardando check_done_i
Rodada atual: 660
[286180000] check_done_i RECEBIDO
[286190000] aguardando start transaction e clock
[286190000] Checker pronto para a proxima!
[286210000] start transaction e clock recebidos
[286230000] aguardando check_done_i
Rodada atual: 661
[286300000] check_done_i RECEBIDO
[286310000] aguardando start transaction e clock
[286310000] Checker pronto para a proxima!
[287130000] start transaction e clock recebidos
[287140000] aguardando check_done_i
Rodada atual: 662
[287190000] check_done_i RECEBIDO
[287200000] aguardando start transaction e clock
[287200000] Checker pronto para a proxima!
[287580000] start transaction e clock recebidos
[287590000] aguardando check_done_i
Rodada atual: 663
[287640000] check_done_i RECEBIDO
[287650000] aguardando start transaction e clock
[287650000] Checker pronto para a proxima!
[287670000] start transaction e clock recebidos
[287700000] aguardando check_done_i
Rodada atual: 664
[287830000] check_done_i RECEBIDO
[287840000] aguardando start transaction e clock
[287840000] Checker pronto para a proxima!
[287860000] start transaction e clock recebidos
[287920000] aguardando check_done_i
Rodada atual: 665
[288060000] check_done_i RECEBIDO
[288070000] aguardando start transaction e clock
[288070000] Checker pronto para a proxima!
[288090000] start transaction e clock recebidos
[288110000] aguardando check_done_i
Rodada atual: 666
[288320000] check_done_i RECEBIDO
[288330000] aguardando start transaction e clock
[288330000] Checker pronto para a proxima!
[288350000] start transaction e clock recebidos
[288370000] aguardando check_done_i
Rodada atual: 667
[288660000] check_done_i RECEBIDO
[288670000] aguardando start transaction e clock
[288670000] Checker pronto para a proxima!
[288690000] start transaction e clock recebidos
[288710000] aguardando check_done_i
Rodada atual: 668
[289510000] check_done_i RECEBIDO
[289520000] aguardando start transaction e clock
[289520000] Checker pronto para a proxima!
[289580000] start transaction e clock recebidos
[289590000] aguardando check_done_i
Rodada atual: 669
[289640000] check_done_i RECEBIDO
[289650000] aguardando start transaction e clock
[289650000] Checker pronto para a proxima!
[289670000] start transaction e clock recebidos
[289820000] aguardando check_done_i
Rodada atual: 670
[289860000] check_done_i RECEBIDO
[289870000] aguardando start transaction e clock
[289870000] Checker pronto para a proxima!
[290110000] start transaction e clock recebidos
[290120000] aguardando check_done_i
Rodada atual: 671
[290170000] check_done_i RECEBIDO
[290180000] aguardando start transaction e clock
[290180000] Checker pronto para a proxima!
[291090000] start transaction e clock recebidos
[291100000] aguardando check_done_i
Rodada atual: 672
[291150000] check_done_i RECEBIDO
[291160000] aguardando start transaction e clock
[291160000] Checker pronto para a proxima!
[291740000] start transaction e clock recebidos
[291750000] aguardando check_done_i
Rodada atual: 673
[291800000] check_done_i RECEBIDO
[291810000] aguardando start transaction e clock
[291810000] Checker pronto para a proxima!
[292020000] start transaction e clock recebidos
[292030000] aguardando check_done_i
Rodada atual: 674
[292080000] check_done_i RECEBIDO
[292090000] aguardando start transaction e clock
[292090000] Checker pronto para a proxima!
[292110000] start transaction e clock recebidos
[292170000] aguardando check_done_i
Rodada atual: 675
[292340000] check_done_i RECEBIDO
[292350000] aguardando start transaction e clock
[292350000] Checker pronto para a proxima!
[292370000] start transaction e clock recebidos
[292390000] aguardando check_done_i
Rodada atual: 676
[293170000] check_done_i RECEBIDO
[293180000] aguardando start transaction e clock
[293180000] Checker pronto para a proxima!
[294190000] start transaction e clock recebidos
[294200000] aguardando check_done_i
Rodada atual: 677
[294250000] check_done_i RECEBIDO
[294260000] aguardando start transaction e clock
[294260000] Checker pronto para a proxima!
[294280000] start transaction e clock recebidos
[294310000] aguardando check_done_i
Rodada atual: 678
[294450000] check_done_i RECEBIDO
[294460000] aguardando start transaction e clock
[294460000] Checker pronto para a proxima!
[294480000] start transaction e clock recebidos
[294500000] aguardando check_done_i
Rodada atual: 679
[294670000] check_done_i RECEBIDO
[294680000] aguardando start transaction e clock
[294680000] Checker pronto para a proxima!
[294750000] start transaction e clock recebidos
[294760000] aguardando check_done_i
Rodada atual: 680
[294810000] check_done_i RECEBIDO
[294820000] aguardando start transaction e clock
[294820000] Checker pronto para a proxima!
[294840000] start transaction e clock recebidos
[294860000] aguardando check_done_i
Rodada atual: 681
[294900000] check_done_i RECEBIDO
[294910000] aguardando start transaction e clock
[294910000] Checker pronto para a proxima!
[294930000] start transaction e clock recebidos
[294950000] aguardando check_done_i
Rodada atual: 682
[295100000] check_done_i RECEBIDO
[295110000] aguardando start transaction e clock
[295110000] Checker pronto para a proxima!
[295130000] start transaction e clock recebidos
[295940000] aguardando check_done_i
Rodada atual: 683
[296060000] check_done_i RECEBIDO
[296070000] aguardando start transaction e clock
[296070000] Checker pronto para a proxima!
[296090000] start transaction e clock recebidos
[296110000] aguardando check_done_i
Rodada atual: 684
[296150000] check_done_i RECEBIDO
[296160000] aguardando start transaction e clock
[296160000] Checker pronto para a proxima!
[296180000] start transaction e clock recebidos
[296210000] aguardando check_done_i
Rodada atual: 685
[296310000] check_done_i RECEBIDO
[296320000] aguardando start transaction e clock
[296320000] Checker pronto para a proxima!
[296340000] start transaction e clock recebidos
[296610000] aguardando check_done_i
Rodada atual: 686
[296740000] check_done_i RECEBIDO
[296750000] aguardando start transaction e clock
[296750000] Checker pronto para a proxima!
[296860000] start transaction e clock recebidos
[296890000] aguardando check_done_i
Rodada atual: 687
[296940000] check_done_i RECEBIDO
[296950000] aguardando start transaction e clock
[296950000] Checker pronto para a proxima!
[296970000] start transaction e clock recebidos
[296990000] aguardando check_done_i
Rodada atual: 688
[297030000] check_done_i RECEBIDO
[297040000] aguardando start transaction e clock
[297040000] Checker pronto para a proxima!
[297060000] start transaction e clock recebidos
[297080000] aguardando check_done_i
Rodada atual: 689
[297680000] check_done_i RECEBIDO
[297690000] aguardando start transaction e clock
[297690000] Checker pronto para a proxima!
[297710000] start transaction e clock recebidos
[297730000] aguardando check_done_i
Rodada atual: 690
[297830000] check_done_i RECEBIDO
[297840000] aguardando start transaction e clock
[297840000] Checker pronto para a proxima!
[297860000] start transaction e clock recebidos
[297890000] aguardando check_done_i
Rodada atual: 691
[298120000] check_done_i RECEBIDO
[298130000] aguardando start transaction e clock
[298130000] Checker pronto para a proxima!
[298150000] start transaction e clock recebidos
[298180000] aguardando check_done_i
Rodada atual: 692
[298400000] check_done_i RECEBIDO
[298410000] aguardando start transaction e clock
[298410000] Checker pronto para a proxima!
[298430000] start transaction e clock recebidos
[298490000] aguardando check_done_i
Rodada atual: 693
[298600000] check_done_i RECEBIDO
[298610000] aguardando start transaction e clock
[298610000] Checker pronto para a proxima!
[298920000] start transaction e clock recebidos
[298950000] aguardando check_done_i
Rodada atual: 694
[299000000] check_done_i RECEBIDO
[299010000] aguardando start transaction e clock
[299010000] Checker pronto para a proxima!
[299640000] start transaction e clock recebidos
[299650000] aguardando check_done_i
Rodada atual: 695
[299700000] check_done_i RECEBIDO
[299710000] aguardando start transaction e clock
[299710000] Checker pronto para a proxima!
[299730000] start transaction e clock recebidos
[299790000] aguardando check_done_i
Rodada atual: 696
[299900000] check_done_i RECEBIDO
[299910000] aguardando start transaction e clock
[299910000] Checker pronto para a proxima!
[299930000] start transaction e clock recebidos
[300710000] aguardando check_done_i
Rodada atual: 697
[300840000] check_done_i RECEBIDO
[300850000] aguardando start transaction e clock
[300850000] Checker pronto para a proxima!
[300870000] start transaction e clock recebidos
[301700000] aguardando check_done_i
Rodada atual: 698
[301870000] check_done_i RECEBIDO
[301880000] aguardando start transaction e clock
[301880000] Checker pronto para a proxima!
[301900000] start transaction e clock recebidos
[302680000] aguardando check_done_i
Rodada atual: 699
[302790000] check_done_i RECEBIDO
[302800000] aguardando start transaction e clock
[302800000] Checker pronto para a proxima!
[302820000] start transaction e clock recebidos
[302840000] aguardando check_done_i
Rodada atual: 700
[302880000] check_done_i RECEBIDO
[302890000] aguardando start transaction e clock
[302890000] Checker pronto para a proxima!
[302910000] start transaction e clock recebidos
[302930000] aguardando check_done_i
Rodada atual: 701
[303610000] check_done_i RECEBIDO
[303620000] aguardando start transaction e clock
[303620000] Checker pronto para a proxima!
[303640000] start transaction e clock recebidos
[303660000] aguardando check_done_i
Rodada atual: 702
[304400000] check_done_i RECEBIDO
[304410000] aguardando start transaction e clock
[304410000] Checker pronto para a proxima!
[304430000] start transaction e clock recebidos
[304460000] aguardando check_done_i
Rodada atual: 703
[304500000] check_done_i RECEBIDO
[304510000] aguardando start transaction e clock
[304510000] Checker pronto para a proxima!
[304820000] start transaction e clock recebidos
[304830000] aguardando check_done_i
Rodada atual: 704
[304880000] check_done_i RECEBIDO
[304890000] aguardando start transaction e clock
[304890000] Checker pronto para a proxima!
[304910000] start transaction e clock recebidos
[304970000] aguardando check_done_i
Rodada atual: 705
[305070000] check_done_i RECEBIDO
[305080000] aguardando start transaction e clock
[305080000] Checker pronto para a proxima!
[305100000] start transaction e clock recebidos
[305120000] aguardando check_done_i
Rodada atual: 706
[305610000] check_done_i RECEBIDO
[305620000] aguardando start transaction e clock
[305620000] Checker pronto para a proxima!
[305640000] start transaction e clock recebidos
[305660000] aguardando check_done_i
Rodada atual: 707
[306510000] check_done_i RECEBIDO
[306520000] aguardando start transaction e clock
[306520000] Checker pronto para a proxima!
[306560000] start transaction e clock recebidos
[306590000] aguardando check_done_i
Rodada atual: 708
[306640000] check_done_i RECEBIDO
[306650000] aguardando start transaction e clock
[306650000] Checker pronto para a proxima!
[307170000] start transaction e clock recebidos
[307180000] aguardando check_done_i
Rodada atual: 709
[307230000] check_done_i RECEBIDO
[307240000] aguardando start transaction e clock
[307240000] Checker pronto para a proxima!
[307260000] start transaction e clock recebidos
[307280000] aguardando check_done_i
Rodada atual: 710
[307450000] check_done_i RECEBIDO
[307460000] aguardando start transaction e clock
[307460000] Checker pronto para a proxima!
[308120000] start transaction e clock recebidos
[308130000] aguardando check_done_i
Rodada atual: 711
[308180000] check_done_i RECEBIDO
[308190000] aguardando start transaction e clock
[308190000] Checker pronto para a proxima!
[308420000] start transaction e clock recebidos
[308450000] aguardando check_done_i
Rodada atual: 712
[308500000] check_done_i RECEBIDO
[308510000] aguardando start transaction e clock
[308510000] Checker pronto para a proxima!
[308530000] start transaction e clock recebidos
[308550000] aguardando check_done_i
Rodada atual: 713
[308720000] check_done_i RECEBIDO
[308730000] aguardando start transaction e clock
[308730000] Checker pronto para a proxima!
[308750000] start transaction e clock recebidos
[309120000] aguardando check_done_i
Rodada atual: 714
[309240000] check_done_i RECEBIDO
[309250000] aguardando start transaction e clock
[309250000] Checker pronto para a proxima!
[310030000] start transaction e clock recebidos
[310040000] aguardando check_done_i
Rodada atual: 715
[310090000] check_done_i RECEBIDO
[310100000] aguardando start transaction e clock
[310100000] Checker pronto para a proxima!
[310120000] start transaction e clock recebidos
[310180000] aguardando check_done_i
Rodada atual: 716
[310300000] check_done_i RECEBIDO
[310310000] aguardando start transaction e clock
[310310000] Checker pronto para a proxima!
[311090000] start transaction e clock recebidos
[311100000] aguardando check_done_i
Rodada atual: 717
[311150000] check_done_i RECEBIDO
[311160000] aguardando start transaction e clock
[311160000] Checker pronto para a proxima!
[311180000] start transaction e clock recebidos
[311240000] aguardando check_done_i
Rodada atual: 718
[311320000] check_done_i RECEBIDO
[311330000] aguardando start transaction e clock
[311330000] Checker pronto para a proxima!
[311800000] start transaction e clock recebidos
[311810000] aguardando check_done_i
Rodada atual: 719
[311860000] check_done_i RECEBIDO
[311870000] aguardando start transaction e clock
[311870000] Checker pronto para a proxima!
[312040000] start transaction e clock recebidos
[312050000] aguardando check_done_i
Rodada atual: 720
[312100000] check_done_i RECEBIDO
[312110000] aguardando start transaction e clock
[312110000] Checker pronto para a proxima!
[312130000] start transaction e clock recebidos
[312190000] aguardando check_done_i
Rodada atual: 721
[312260000] check_done_i RECEBIDO
[312270000] aguardando start transaction e clock
[312270000] Checker pronto para a proxima!
[312290000] start transaction e clock recebidos
[312320000] aguardando check_done_i
Rodada atual: 722
[312360000] check_done_i RECEBIDO
[312370000] aguardando start transaction e clock
[312370000] Checker pronto para a proxima!
[312390000] start transaction e clock recebidos
[312710000] aguardando check_done_i
Rodada atual: 723
[312840000] check_done_i RECEBIDO
[312850000] aguardando start transaction e clock
[312850000] Checker pronto para a proxima!
[312870000] start transaction e clock recebidos
[313080000] aguardando check_done_i
Rodada atual: 724
[313200000] check_done_i RECEBIDO
[313210000] aguardando start transaction e clock
[313210000] Checker pronto para a proxima!
[313230000] start transaction e clock recebidos
[313250000] aguardando check_done_i
Rodada atual: 725
[313760000] check_done_i RECEBIDO
[313770000] aguardando start transaction e clock
[313770000] Checker pronto para a proxima!
[313960000] start transaction e clock recebidos
[313970000] aguardando check_done_i
Rodada atual: 726
[314020000] check_done_i RECEBIDO
[314030000] aguardando start transaction e clock
[314030000] Checker pronto para a proxima!
[314050000] start transaction e clock recebidos
[314070000] aguardando check_done_i
Rodada atual: 727
[314220000] check_done_i RECEBIDO
[314230000] aguardando start transaction e clock
[314230000] Checker pronto para a proxima!
[314250000] start transaction e clock recebidos
[314270000] aguardando check_done_i
Rodada atual: 728
[314330000] check_done_i RECEBIDO
[314340000] aguardando start transaction e clock
[314340000] Checker pronto para a proxima!
[314710000] start transaction e clock recebidos
[314720000] aguardando check_done_i
Rodada atual: 729
[314770000] check_done_i RECEBIDO
[314780000] aguardando start transaction e clock
[314780000] Checker pronto para a proxima!
[314800000] start transaction e clock recebidos
[314830000] aguardando check_done_i
Rodada atual: 730
[315000000] check_done_i RECEBIDO
[315010000] aguardando start transaction e clock
[315010000] Checker pronto para a proxima!
[315030000] start transaction e clock recebidos
[315090000] aguardando check_done_i
Rodada atual: 731
[315240000] check_done_i RECEBIDO
[315250000] aguardando start transaction e clock
[315250000] Checker pronto para a proxima!
[315590000] start transaction e clock recebidos
[315600000] aguardando check_done_i
Rodada atual: 732
[315650000] check_done_i RECEBIDO
[315660000] aguardando start transaction e clock
[315660000] Checker pronto para a proxima!
[316330000] start transaction e clock recebidos
[316340000] aguardando check_done_i
Rodada atual: 733
[316390000] check_done_i RECEBIDO
[316400000] aguardando start transaction e clock
[316400000] Checker pronto para a proxima!
[316420000] start transaction e clock recebidos
[316480000] aguardando check_done_i
Rodada atual: 734
[316600000] check_done_i RECEBIDO
[316610000] aguardando start transaction e clock
[316610000] Checker pronto para a proxima!
[316630000] start transaction e clock recebidos
[316650000] aguardando check_done_i
Rodada atual: 735
[316690000] check_done_i RECEBIDO
[316700000] aguardando start transaction e clock
[316700000] Checker pronto para a proxima!
[316890000] start transaction e clock recebidos
[316920000] aguardando check_done_i
Rodada atual: 736
[316970000] check_done_i RECEBIDO
[316980000] aguardando start transaction e clock
[316980000] Checker pronto para a proxima!
[317620000] start transaction e clock recebidos
[317630000] aguardando check_done_i
Rodada atual: 737
[317680000] check_done_i RECEBIDO
[317690000] aguardando start transaction e clock
[317690000] Checker pronto para a proxima!
[318300000] start transaction e clock recebidos
[318310000] aguardando check_done_i
Rodada atual: 738
[318360000] check_done_i RECEBIDO
[318370000] aguardando start transaction e clock
[318370000] Checker pronto para a proxima!
[318390000] start transaction e clock recebidos
[318410000] aguardando check_done_i
Rodada atual: 739
[318530000] check_done_i RECEBIDO
[318540000] aguardando start transaction e clock
[318540000] Checker pronto para a proxima!
[318740000] start transaction e clock recebidos
[318770000] aguardando check_done_i
Rodada atual: 740
[318820000] check_done_i RECEBIDO
[318830000] aguardando start transaction e clock
[318830000] Checker pronto para a proxima!
[318850000] start transaction e clock recebidos
[318880000] aguardando check_done_i
Rodada atual: 741
[318920000] check_done_i RECEBIDO
[318930000] aguardando start transaction e clock
[318930000] Checker pronto para a proxima!
[318950000] start transaction e clock recebidos
[319040000] aguardando check_done_i
Rodada atual: 742
[319130000] check_done_i RECEBIDO
[319140000] aguardando start transaction e clock
[319140000] Checker pronto para a proxima!
[319160000] start transaction e clock recebidos
[319180000] aguardando check_done_i
Rodada atual: 743
[319260000] check_done_i RECEBIDO
[319270000] aguardando start transaction e clock
[319270000] Checker pronto para a proxima!
[320020000] start transaction e clock recebidos
[320030000] aguardando check_done_i
Rodada atual: 744
[320080000] check_done_i RECEBIDO
[320090000] aguardando start transaction e clock
[320090000] Checker pronto para a proxima!
[320110000] start transaction e clock recebidos
[320130000] aguardando check_done_i
Rodada atual: 745
[320290000] check_done_i RECEBIDO
[320300000] aguardando start transaction e clock
[320300000] Checker pronto para a proxima!
[320320000] start transaction e clock recebidos
[320380000] aguardando check_done_i
Rodada atual: 746
[320510000] check_done_i RECEBIDO
[320520000] aguardando start transaction e clock
[320520000] Checker pronto para a proxima!
[321320000] start transaction e clock recebidos
[321330000] aguardando check_done_i
Rodada atual: 747
[321380000] check_done_i RECEBIDO
[321390000] aguardando start transaction e clock
[321390000] Checker pronto para a proxima!
[321760000] start transaction e clock recebidos
[321790000] aguardando check_done_i
Rodada atual: 748
[321840000] check_done_i RECEBIDO
[321850000] aguardando start transaction e clock
[321850000] Checker pronto para a proxima!
[321870000] start transaction e clock recebidos
[321890000] aguardando check_done_i
Rodada atual: 749
[322050000] check_done_i RECEBIDO
[322060000] aguardando start transaction e clock
[322060000] Checker pronto para a proxima!
[322880000] start transaction e clock recebidos
[322890000] aguardando check_done_i
Rodada atual: 750
[322940000] check_done_i RECEBIDO
[322950000] aguardando start transaction e clock
[322950000] Checker pronto para a proxima!
[323620000] start transaction e clock recebidos
[323630000] aguardando check_done_i
Rodada atual: 751
[323680000] check_done_i RECEBIDO
[323690000] aguardando start transaction e clock
[323690000] Checker pronto para a proxima!
[323710000] start transaction e clock recebidos
[323730000] aguardando check_done_i
Rodada atual: 752
[323820000] check_done_i RECEBIDO
[323830000] aguardando start transaction e clock
[323830000] Checker pronto para a proxima!
[323850000] start transaction e clock recebidos
[323910000] aguardando check_done_i
Rodada atual: 753
[324040000] check_done_i RECEBIDO
[324050000] aguardando start transaction e clock
[324050000] Checker pronto para a proxima!
[324070000] start transaction e clock recebidos
[324100000] aguardando check_done_i
Rodada atual: 754
[324140000] check_done_i RECEBIDO
[324150000] aguardando start transaction e clock
[324150000] Checker pronto para a proxima!
[324170000] start transaction e clock recebidos
[324230000] aguardando check_done_i
Rodada atual: 755
[324320000] check_done_i RECEBIDO
[324330000] aguardando start transaction e clock
[324330000] Checker pronto para a proxima!
[324350000] start transaction e clock recebidos
[325120000] aguardando check_done_i
Rodada atual: 756
[325270000] check_done_i RECEBIDO
[325280000] aguardando start transaction e clock
[325280000] Checker pronto para a proxima!
[325300000] start transaction e clock recebidos
[325710000] aguardando check_done_i
Rodada atual: 757
[325830000] check_done_i RECEBIDO
[325840000] aguardando start transaction e clock
[325840000] Checker pronto para a proxima!
[325860000] start transaction e clock recebidos
[325890000] aguardando check_done_i
Rodada atual: 758
[326080000] check_done_i RECEBIDO
[326090000] aguardando start transaction e clock
[326090000] Checker pronto para a proxima!
[326110000] start transaction e clock recebidos
[326140000] aguardando check_done_i
Rodada atual: 759
[326180000] check_done_i RECEBIDO
[326190000] aguardando start transaction e clock
[326190000] Checker pronto para a proxima!
[326760000] start transaction e clock recebidos
[326790000] aguardando check_done_i
Rodada atual: 760
[326840000] check_done_i RECEBIDO
[326850000] aguardando start transaction e clock
[326850000] Checker pronto para a proxima!
[326870000] start transaction e clock recebidos
[326890000] aguardando check_done_i
Rodada atual: 761
[327010000] check_done_i RECEBIDO
[327020000] aguardando start transaction e clock
[327020000] Checker pronto para a proxima!
[327040000] start transaction e clock recebidos
[327920000] aguardando check_done_i
Rodada atual: 762
[328010000] check_done_i RECEBIDO
[328020000] aguardando start transaction e clock
[328020000] Checker pronto para a proxima!
[328040000] start transaction e clock recebidos
[328580000] aguardando check_done_i
Rodada atual: 763
[328620000] check_done_i RECEBIDO
[328630000] aguardando start transaction e clock
[328630000] Checker pronto para a proxima!
[328650000] start transaction e clock recebidos
[328680000] aguardando check_done_i
Rodada atual: 764
[328920000] check_done_i RECEBIDO
[328930000] aguardando start transaction e clock
[328930000] Checker pronto para a proxima!
[328950000] start transaction e clock recebidos
[329010000] aguardando check_done_i
Rodada atual: 765
[329120000] check_done_i RECEBIDO
[329130000] aguardando start transaction e clock
[329130000] Checker pronto para a proxima!
[329150000] start transaction e clock recebidos
[329610000] aguardando check_done_i
Rodada atual: 766
[329720000] check_done_i RECEBIDO
[329730000] aguardando start transaction e clock
[329730000] Checker pronto para a proxima!
[330290000] start transaction e clock recebidos
[330350000] aguardando check_done_i
Rodada atual: 767
[330400000] check_done_i RECEBIDO
[330410000] aguardando start transaction e clock
[330410000] Checker pronto para a proxima!
[330430000] start transaction e clock recebidos
[330490000] aguardando check_done_i
Rodada atual: 768
[330580000] check_done_i RECEBIDO
[330590000] aguardando start transaction e clock
[330590000] Checker pronto para a proxima!
[331130000] start transaction e clock recebidos
[331160000] aguardando check_done_i
Rodada atual: 769
[331210000] check_done_i RECEBIDO
[331220000] aguardando start transaction e clock
[331220000] Checker pronto para a proxima!
[331240000] start transaction e clock recebidos
[331260000] aguardando check_done_i
Rodada atual: 770
[331300000] check_done_i RECEBIDO
[331310000] aguardando start transaction e clock
[331310000] Checker pronto para a proxima!
[331330000] start transaction e clock recebidos
[331390000] aguardando check_done_i
Rodada atual: 771
[331500000] check_done_i RECEBIDO
[331510000] aguardando start transaction e clock
[331510000] Checker pronto para a proxima!
[331530000] start transaction e clock recebidos
[331560000] aguardando check_done_i
Rodada atual: 772
[331600000] check_done_i RECEBIDO
[331610000] aguardando start transaction e clock
[331610000] Checker pronto para a proxima!
[331630000] start transaction e clock recebidos
[331660000] aguardando check_done_i
Rodada atual: 773
[331800000] check_done_i RECEBIDO
[331810000] aguardando start transaction e clock
[331810000] Checker pronto para a proxima!
[331830000] start transaction e clock recebidos
[332130000] aguardando check_done_i
Rodada atual: 774
[332200000] check_done_i RECEBIDO
[332210000] aguardando start transaction e clock
[332210000] Checker pronto para a proxima!
[332230000] start transaction e clock recebidos
[332250000] aguardando check_done_i
Rodada atual: 775
[332360000] check_done_i RECEBIDO
[332370000] aguardando start transaction e clock
[332370000] Checker pronto para a proxima!
[332390000] start transaction e clock recebidos
[332790000] aguardando check_done_i
Rodada atual: 776
[332890000] check_done_i RECEBIDO
[332900000] aguardando start transaction e clock
[332900000] Checker pronto para a proxima!
[332920000] start transaction e clock recebidos
[333160000] aguardando check_done_i
Rodada atual: 777
[333280000] check_done_i RECEBIDO
[333290000] aguardando start transaction e clock
[333290000] Checker pronto para a proxima!
[333770000] start transaction e clock recebidos
[333780000] aguardando check_done_i
Rodada atual: 778
[333830000] check_done_i RECEBIDO
[333840000] aguardando start transaction e clock
[333840000] Checker pronto para a proxima!
[333860000] start transaction e clock recebidos
[334070000] aguardando check_done_i
Rodada atual: 779
[334210000] check_done_i RECEBIDO
[334220000] aguardando start transaction e clock
[334220000] Checker pronto para a proxima!
[334240000] start transaction e clock recebidos
[334260000] aguardando check_done_i
Rodada atual: 780
[334630000] check_done_i RECEBIDO
[334640000] aguardando start transaction e clock
[334640000] Checker pronto para a proxima!
[334660000] start transaction e clock recebidos
[334680000] aguardando check_done_i
Rodada atual: 781
[335350000] check_done_i RECEBIDO
[335360000] aguardando start transaction e clock
[335360000] Checker pronto para a proxima!
[335970000] start transaction e clock recebidos
[335980000] aguardando check_done_i
Rodada atual: 782
[336030000] check_done_i RECEBIDO
[336040000] aguardando start transaction e clock
[336040000] Checker pronto para a proxima!
[336060000] start transaction e clock recebidos
[336120000] aguardando check_done_i
Rodada atual: 783
[336290000] check_done_i RECEBIDO
[336300000] aguardando start transaction e clock
[336300000] Checker pronto para a proxima!
[336320000] start transaction e clock recebidos
[336340000] aguardando check_done_i
Rodada atual: 784
[336420000] check_done_i RECEBIDO
[336430000] aguardando start transaction e clock
[336430000] Checker pronto para a proxima!
[336450000] start transaction e clock recebidos
[336470000] aguardando check_done_i
Rodada atual: 785
[336860000] check_done_i RECEBIDO
[336870000] aguardando start transaction e clock
[336870000] Checker pronto para a proxima!
[336890000] start transaction e clock recebidos
[337600000] aguardando check_done_i
Rodada atual: 786
[337690000] check_done_i RECEBIDO
[337700000] aguardando start transaction e clock
[337700000] Checker pronto para a proxima!
[338350000] start transaction e clock recebidos
[338380000] aguardando check_done_i
Rodada atual: 787
[338430000] check_done_i RECEBIDO
[338440000] aguardando start transaction e clock
[338440000] Checker pronto para a proxima!
[338460000] start transaction e clock recebidos
[338480000] aguardando check_done_i
Rodada atual: 788
[338660000] check_done_i RECEBIDO
[338670000] aguardando start transaction e clock
[338670000] Checker pronto para a proxima!
[339350000] start transaction e clock recebidos
[339380000] aguardando check_done_i
Rodada atual: 789
[339430000] check_done_i RECEBIDO
[339440000] aguardando start transaction e clock
[339440000] Checker pronto para a proxima!
[339460000] start transaction e clock recebidos
[339480000] aguardando check_done_i
Rodada atual: 790
[339520000] check_done_i RECEBIDO
[339530000] aguardando start transaction e clock
[339530000] Checker pronto para a proxima!
[339550000] start transaction e clock recebidos
[339580000] aguardando check_done_i
Rodada atual: 791
[339620000] check_done_i RECEBIDO
[339630000] aguardando start transaction e clock
[339630000] Checker pronto para a proxima!
[339980000] start transaction e clock recebidos
[339990000] aguardando check_done_i
Rodada atual: 792
[340040000] check_done_i RECEBIDO
[340050000] aguardando start transaction e clock
[340050000] Checker pronto para a proxima!
[340070000] start transaction e clock recebidos
[340090000] aguardando check_done_i
Rodada atual: 793
[340250000] check_done_i RECEBIDO
[340260000] aguardando start transaction e clock
[340260000] Checker pronto para a proxima!
[340400000] start transaction e clock recebidos
[340410000] aguardando check_done_i
Rodada atual: 794
[340460000] check_done_i RECEBIDO
[340470000] aguardando start transaction e clock
[340470000] Checker pronto para a proxima!
[340490000] start transaction e clock recebidos
[340510000] aguardando check_done_i
Rodada atual: 795
[340680000] check_done_i RECEBIDO
[340690000] aguardando start transaction e clock
[340690000] Checker pronto para a proxima!
[341480000] start transaction e clock recebidos
[341490000] aguardando check_done_i
Rodada atual: 796
[341540000] check_done_i RECEBIDO
[341550000] aguardando start transaction e clock
[341550000] Checker pronto para a proxima!
[341570000] start transaction e clock recebidos
[341600000] aguardando check_done_i
Rodada atual: 797
[341640000] check_done_i RECEBIDO
[341650000] aguardando start transaction e clock
[341650000] Checker pronto para a proxima!
[341670000] start transaction e clock recebidos
[341690000] aguardando check_done_i
Rodada atual: 798
[341860000] check_done_i RECEBIDO
[341870000] aguardando start transaction e clock
[341870000] Checker pronto para a proxima!
[341890000] start transaction e clock recebidos
[342310000] aguardando check_done_i
Rodada atual: 799
[342420000] check_done_i RECEBIDO
[342430000] aguardando start transaction e clock
[342430000] Checker pronto para a proxima!
[342450000] start transaction e clock recebidos
[342510000] aguardando check_done_i
Rodada atual: 800
[342610000] check_done_i RECEBIDO
[342620000] aguardando start transaction e clock
[342620000] Checker pronto para a proxima!
[342640000] start transaction e clock recebidos
[342660000] aguardando check_done_i
Rodada atual: 801
[343160000] check_done_i RECEBIDO
[343170000] aguardando start transaction e clock
[343170000] Checker pronto para a proxima!
[343190000] start transaction e clock recebidos
[343250000] aguardando check_done_i
Rodada atual: 802
[343380000] check_done_i RECEBIDO
[343390000] aguardando start transaction e clock
[343390000] Checker pronto para a proxima!
[343490000] start transaction e clock recebidos
[343500000] aguardando check_done_i
Rodada atual: 803
[343550000] check_done_i RECEBIDO
[343560000] aguardando start transaction e clock
[343560000] Checker pronto para a proxima!
[344100000] start transaction e clock recebidos
[344130000] aguardando check_done_i
Rodada atual: 804
[344180000] check_done_i RECEBIDO
[344190000] aguardando start transaction e clock
[344190000] Checker pronto para a proxima!
[344210000] start transaction e clock recebidos
[344270000] aguardando check_done_i
Rodada atual: 805
[344420000] check_done_i RECEBIDO
[344430000] aguardando start transaction e clock
[344430000] Checker pronto para a proxima!
[344450000] start transaction e clock recebidos
[344470000] aguardando check_done_i
Rodada atual: 806
[344960000] check_done_i RECEBIDO
[344970000] aguardando start transaction e clock
[344970000] Checker pronto para a proxima!
[345700000] start transaction e clock recebidos
[345710000] aguardando check_done_i
Rodada atual: 807
[345760000] check_done_i RECEBIDO
[345770000] aguardando start transaction e clock
[345770000] Checker pronto para a proxima!
[346450000] start transaction e clock recebidos
[346480000] aguardando check_done_i
Rodada atual: 808
[346530000] check_done_i RECEBIDO
[346540000] aguardando start transaction e clock
[346540000] Checker pronto para a proxima!
[346560000] start transaction e clock recebidos
[346620000] aguardando check_done_i
Rodada atual: 809
[346730000] check_done_i RECEBIDO
[346740000] aguardando start transaction e clock
[346740000] Checker pronto para a proxima!
[346760000] start transaction e clock recebidos
[347330000] aguardando check_done_i
Rodada atual: 810
[347460000] check_done_i RECEBIDO
[347470000] aguardando start transaction e clock
[347470000] Checker pronto para a proxima!
[347490000] start transaction e clock recebidos
[347510000] aguardando check_done_i
Rodada atual: 811
[347710000] check_done_i RECEBIDO
[347720000] aguardando start transaction e clock
[347720000] Checker pronto para a proxima!
[347740000] start transaction e clock recebidos
[347760000] aguardando check_done_i
Rodada atual: 812
[348180000] check_done_i RECEBIDO
[348190000] aguardando start transaction e clock
[348190000] Checker pronto para a proxima!
[348210000] start transaction e clock recebidos
[348490000] aguardando check_done_i
Rodada atual: 813
[348570000] check_done_i RECEBIDO
[348580000] aguardando start transaction e clock
[348580000] Checker pronto para a proxima!
[348940000] start transaction e clock recebidos
[348950000] aguardando check_done_i
Rodada atual: 814
[349000000] check_done_i RECEBIDO
[349010000] aguardando start transaction e clock
[349010000] Checker pronto para a proxima!
[349030000] start transaction e clock recebidos
[349180000] aguardando check_done_i
Rodada atual: 815
[349220000] check_done_i RECEBIDO
[349230000] aguardando start transaction e clock
[349230000] Checker pronto para a proxima!
[349250000] start transaction e clock recebidos
[349410000] aguardando check_done_i
Rodada atual: 816
[349500000] check_done_i RECEBIDO
[349510000] aguardando start transaction e clock
[349510000] Checker pronto para a proxima!
[349530000] start transaction e clock recebidos
[350060000] aguardando check_done_i
Rodada atual: 817
[350180000] check_done_i RECEBIDO
[350190000] aguardando start transaction e clock
[350190000] Checker pronto para a proxima!
[350210000] start transaction e clock recebidos
[350750000] aguardando check_done_i
Rodada atual: 818
[350850000] check_done_i RECEBIDO
[350860000] aguardando start transaction e clock
[350860000] Checker pronto para a proxima!
[351150000] start transaction e clock recebidos
[351160000] aguardando check_done_i
Rodada atual: 819
[351210000] check_done_i RECEBIDO
[351220000] aguardando start transaction e clock
[351220000] Checker pronto para a proxima!
[351330000] start transaction e clock recebidos
[351340000] aguardando check_done_i
Rodada atual: 820
[351390000] check_done_i RECEBIDO
[351400000] aguardando start transaction e clock
[351400000] Checker pronto para a proxima!
[351650000] start transaction e clock recebidos
[351660000] aguardando check_done_i
Rodada atual: 821
[351710000] check_done_i RECEBIDO
[351720000] aguardando start transaction e clock
[351720000] Checker pronto para a proxima!
[352610000] start transaction e clock recebidos
[352640000] aguardando check_done_i
Rodada atual: 822
[352690000] check_done_i RECEBIDO
[352700000] aguardando start transaction e clock
[352700000] Checker pronto para a proxima!
[352720000] start transaction e clock recebidos
[352740000] aguardando check_done_i
Rodada atual: 823
[352910000] check_done_i RECEBIDO
[352920000] aguardando start transaction e clock
[352920000] Checker pronto para a proxima!
[352940000] start transaction e clock recebidos
[352960000] aguardando check_done_i
Rodada atual: 824
[353070000] check_done_i RECEBIDO
[353080000] aguardando start transaction e clock
[353080000] Checker pronto para a proxima!
[353100000] start transaction e clock recebidos
[353130000] aguardando check_done_i
Rodada atual: 825
[353170000] check_done_i RECEBIDO
[353180000] aguardando start transaction e clock
[353180000] Checker pronto para a proxima!
[353200000] start transaction e clock recebidos
[353260000] aguardando check_done_i
Rodada atual: 826
[353370000] check_done_i RECEBIDO
[353380000] aguardando start transaction e clock
[353380000] Checker pronto para a proxima!
[353400000] start transaction e clock recebidos
[353420000] aguardando check_done_i
Rodada atual: 827
[353580000] check_done_i RECEBIDO
[353590000] aguardando start transaction e clock
[353590000] Checker pronto para a proxima!
[353610000] start transaction e clock recebidos
[354470000] aguardando check_done_i
Rodada atual: 828
[354570000] check_done_i RECEBIDO
[354580000] aguardando start transaction e clock
[354580000] Checker pronto para a proxima!
[354660000] start transaction e clock recebidos
[354670000] aguardando check_done_i
Rodada atual: 829
[354720000] check_done_i RECEBIDO
[354730000] aguardando start transaction e clock
[354730000] Checker pronto para a proxima!
[354750000] start transaction e clock recebidos
[354770000] aguardando check_done_i
Rodada atual: 830
[355560000] check_done_i RECEBIDO
[355570000] aguardando start transaction e clock
[355570000] Checker pronto para a proxima!
[355590000] start transaction e clock recebidos
[355620000] aguardando check_done_i
Rodada atual: 831
[355820000] check_done_i RECEBIDO
[355830000] aguardando start transaction e clock
[355830000] Checker pronto para a proxima!
[355850000] start transaction e clock recebidos
[355870000] aguardando check_done_i
Rodada atual: 832
[355910000] check_done_i RECEBIDO
[355920000] aguardando start transaction e clock
[355920000] Checker pronto para a proxima!
[356380000] start transaction e clock recebidos
[356390000] aguardando check_done_i
Rodada atual: 833
[356440000] check_done_i RECEBIDO
[356450000] aguardando start transaction e clock
[356450000] Checker pronto para a proxima!
[356940000] start transaction e clock recebidos
[356950000] aguardando check_done_i
Rodada atual: 834
[357000000] check_done_i RECEBIDO
[357010000] aguardando start transaction e clock
[357010000] Checker pronto para a proxima!
[357030000] start transaction e clock recebidos
[357060000] aguardando check_done_i
Rodada atual: 835
[357100000] check_done_i RECEBIDO
[357110000] aguardando start transaction e clock
[357110000] Checker pronto para a proxima!
[358010000] start transaction e clock recebidos
[358040000] aguardando check_done_i
Rodada atual: 836
[358090000] check_done_i RECEBIDO
[358100000] aguardando start transaction e clock
[358100000] Checker pronto para a proxima!
[358120000] start transaction e clock recebidos
[358150000] aguardando check_done_i
Rodada atual: 837
[358380000] check_done_i RECEBIDO
[358390000] aguardando start transaction e clock
[358390000] Checker pronto para a proxima!
[358410000] start transaction e clock recebidos
[358430000] aguardando check_done_i
Rodada atual: 838
[358470000] check_done_i RECEBIDO
[358480000] aguardando start transaction e clock
[358480000] Checker pronto para a proxima!
[359280000] start transaction e clock recebidos
[359290000] aguardando check_done_i
Rodada atual: 839
[359340000] check_done_i RECEBIDO
[359350000] aguardando start transaction e clock
[359350000] Checker pronto para a proxima!
[359770000] start transaction e clock recebidos
[359780000] aguardando check_done_i
Rodada atual: 840
[359830000] check_done_i RECEBIDO
[359840000] aguardando start transaction e clock
[359840000] Checker pronto para a proxima!
[359910000] start transaction e clock recebidos
[359920000] aguardando check_done_i
Rodada atual: 841
[359970000] check_done_i RECEBIDO
[359980000] aguardando start transaction e clock
[359980000] Checker pronto para a proxima!
[360000000] start transaction e clock recebidos
[360020000] aguardando check_done_i
Rodada atual: 842
[360170000] check_done_i RECEBIDO
[360180000] aguardando start transaction e clock
[360180000] Checker pronto para a proxima!
[360610000] start transaction e clock recebidos
[360620000] aguardando check_done_i
Rodada atual: 843
[360670000] check_done_i RECEBIDO
[360680000] aguardando start transaction e clock
[360680000] Checker pronto para a proxima!
[360700000] start transaction e clock recebidos
[360760000] aguardando check_done_i
Rodada atual: 844
[360880000] check_done_i RECEBIDO
[360890000] aguardando start transaction e clock
[360890000] Checker pronto para a proxima!
[360910000] start transaction e clock recebidos
[361430000] aguardando check_done_i
Rodada atual: 845
[361560000] check_done_i RECEBIDO
[361570000] aguardando start transaction e clock
[361570000] Checker pronto para a proxima!
[361880000] start transaction e clock recebidos
[361890000] aguardando check_done_i
Rodada atual: 846
[361940000] check_done_i RECEBIDO
[361950000] aguardando start transaction e clock
[361950000] Checker pronto para a proxima!
[362930000] start transaction e clock recebidos
[362940000] aguardando check_done_i
Rodada atual: 847
[362990000] check_done_i RECEBIDO
[363000000] aguardando start transaction e clock
[363000000] Checker pronto para a proxima!
[363020000] start transaction e clock recebidos
[363080000] aguardando check_done_i
Rodada atual: 848
[363190000] check_done_i RECEBIDO
[363200000] aguardando start transaction e clock
[363200000] Checker pronto para a proxima!
[363340000] start transaction e clock recebidos
[363350000] aguardando check_done_i
Rodada atual: 849
[363400000] check_done_i RECEBIDO
[363410000] aguardando start transaction e clock
[363410000] Checker pronto para a proxima!
[363500000] start transaction e clock recebidos
[363510000] aguardando check_done_i
Rodada atual: 850
[363560000] check_done_i RECEBIDO
[363570000] aguardando start transaction e clock
[363570000] Checker pronto para a proxima!
[363590000] start transaction e clock recebidos
[363610000] aguardando check_done_i
Rodada atual: 851
[363940000] check_done_i RECEBIDO
[363950000] aguardando start transaction e clock
[363950000] Checker pronto para a proxima!
[363970000] start transaction e clock recebidos
[363990000] aguardando check_done_i
Rodada atual: 852
[364120000] check_done_i RECEBIDO
[364130000] aguardando start transaction e clock
[364130000] Checker pronto para a proxima!
[364150000] start transaction e clock recebidos
[364170000] aguardando check_done_i
Rodada atual: 853
[364740000] check_done_i RECEBIDO
[364750000] aguardando start transaction e clock
[364750000] Checker pronto para a proxima!
[364770000] start transaction e clock recebidos
[364790000] aguardando check_done_i
Rodada atual: 854
[364960000] check_done_i RECEBIDO
[364970000] aguardando start transaction e clock
[364970000] Checker pronto para a proxima!
[365270000] start transaction e clock recebidos
[365300000] aguardando check_done_i
Rodada atual: 855
[365350000] check_done_i RECEBIDO
[365360000] aguardando start transaction e clock
[365360000] Checker pronto para a proxima!
[365380000] start transaction e clock recebidos
[365630000] aguardando check_done_i
Rodada atual: 856
[365730000] check_done_i RECEBIDO
[365740000] aguardando start transaction e clock
[365740000] Checker pronto para a proxima!
[366490000] start transaction e clock recebidos
[366500000] aguardando check_done_i
Rodada atual: 857
[366550000] check_done_i RECEBIDO
[366560000] aguardando start transaction e clock
[366560000] Checker pronto para a proxima!
[367440000] start transaction e clock recebidos
[367450000] aguardando check_done_i
Rodada atual: 858
[367500000] check_done_i RECEBIDO
[367510000] aguardando start transaction e clock
[367510000] Checker pronto para a proxima!
[368500000] start transaction e clock recebidos
[368510000] aguardando check_done_i
Rodada atual: 859
[368560000] check_done_i RECEBIDO
[368570000] aguardando start transaction e clock
[368570000] Checker pronto para a proxima!
[368590000] start transaction e clock recebidos
[368650000] aguardando check_done_i
Rodada atual: 860
[368800000] check_done_i RECEBIDO
[368810000] aguardando start transaction e clock
[368810000] Checker pronto para a proxima!
[368830000] start transaction e clock recebidos
[368850000] aguardando check_done_i
Rodada atual: 861
[369390000] check_done_i RECEBIDO
[369400000] aguardando start transaction e clock
[369400000] Checker pronto para a proxima!
[369420000] start transaction e clock recebidos
[370260000] aguardando check_done_i
Rodada atual: 862
[370380000] check_done_i RECEBIDO
[370390000] aguardando start transaction e clock
[370390000] Checker pronto para a proxima!
[370410000] start transaction e clock recebidos
[371020000] aguardando check_done_i
Rodada atual: 863
[371120000] check_done_i RECEBIDO
[371130000] aguardando start transaction e clock
[371130000] Checker pronto para a proxima!
[372100000] start transaction e clock recebidos
[372110000] aguardando check_done_i
Rodada atual: 864
[372160000] check_done_i RECEBIDO
[372170000] aguardando start transaction e clock
[372170000] Checker pronto para a proxima!
[372190000] start transaction e clock recebidos
[372250000] aguardando check_done_i
Rodada atual: 865
[372400000] check_done_i RECEBIDO
[372410000] aguardando start transaction e clock
[372410000] Checker pronto para a proxima!
[373300000] start transaction e clock recebidos
[373330000] aguardando check_done_i
Rodada atual: 866
[373380000] check_done_i RECEBIDO
[373390000] aguardando start transaction e clock
[373390000] Checker pronto para a proxima!
[374040000] start transaction e clock recebidos
[374050000] aguardando check_done_i
Rodada atual: 867
[374100000] check_done_i RECEBIDO
[374110000] aguardando start transaction e clock
[374110000] Checker pronto para a proxima!
[374130000] start transaction e clock recebidos
[374190000] aguardando check_done_i
Rodada atual: 868
[374330000] check_done_i RECEBIDO
[374340000] aguardando start transaction e clock
[374340000] Checker pronto para a proxima!
[375110000] start transaction e clock recebidos
[375120000] aguardando check_done_i
Rodada atual: 869
[375170000] check_done_i RECEBIDO
[375180000] aguardando start transaction e clock
[375180000] Checker pronto para a proxima!
[375200000] start transaction e clock recebidos
[375220000] aguardando check_done_i
Rodada atual: 870
[375350000] check_done_i RECEBIDO
[375360000] aguardando start transaction e clock
[375360000] Checker pronto para a proxima!
[375380000] start transaction e clock recebidos
[375410000] aguardando check_done_i
Rodada atual: 871
[375480000] check_done_i RECEBIDO
[375490000] aguardando start transaction e clock
[375490000] Checker pronto para a proxima!
[376410000] start transaction e clock recebidos
[376420000] aguardando check_done_i
Rodada atual: 872
[376470000] check_done_i RECEBIDO
[376480000] aguardando start transaction e clock
[376480000] Checker pronto para a proxima!
[376500000] start transaction e clock recebidos
[376560000] aguardando check_done_i
Rodada atual: 873
[376640000] check_done_i RECEBIDO
[376650000] aguardando start transaction e clock
[376650000] Checker pronto para a proxima!
[376670000] start transaction e clock recebidos
[376690000] aguardando check_done_i
Rodada atual: 874
[377310000] check_done_i RECEBIDO
[377320000] aguardando start transaction e clock
[377320000] Checker pronto para a proxima!
[377340000] start transaction e clock recebidos
[377360000] aguardando check_done_i
Rodada atual: 875
[377420000] check_done_i RECEBIDO
[377430000] aguardando start transaction e clock
[377430000] Checker pronto para a proxima!
[377450000] start transaction e clock recebidos
[377510000] aguardando check_done_i
Rodada atual: 876
[377660000] check_done_i RECEBIDO
[377670000] aguardando start transaction e clock
[377670000] Checker pronto para a proxima!
[378420000] start transaction e clock recebidos
[378430000] aguardando check_done_i
Rodada atual: 877
[378480000] check_done_i RECEBIDO
[378490000] aguardando start transaction e clock
[378490000] Checker pronto para a proxima!
[378510000] start transaction e clock recebidos
[378540000] aguardando check_done_i
Rodada atual: 878
[378580000] check_done_i RECEBIDO
[378590000] aguardando start transaction e clock
[378590000] Checker pronto para a proxima!
[378610000] start transaction e clock recebidos
[378640000] aguardando check_done_i
Rodada atual: 879
[378680000] check_done_i RECEBIDO
[378690000] aguardando start transaction e clock
[378690000] Checker pronto para a proxima!
[378710000] start transaction e clock recebidos
[378730000] aguardando check_done_i
Rodada atual: 880
[378890000] check_done_i RECEBIDO
[378900000] aguardando start transaction e clock
[378900000] Checker pronto para a proxima!
[378920000] start transaction e clock recebidos
[379240000] aguardando check_done_i
Rodada atual: 881
[379370000] check_done_i RECEBIDO
[379380000] aguardando start transaction e clock
[379380000] Checker pronto para a proxima!
[380050000] start transaction e clock recebidos
[380060000] aguardando check_done_i
Rodada atual: 882
[380110000] check_done_i RECEBIDO
[380120000] aguardando start transaction e clock
[380120000] Checker pronto para a proxima!
[381120000] start transaction e clock recebidos
[381130000] aguardando check_done_i
Rodada atual: 883
[381180000] check_done_i RECEBIDO
[381190000] aguardando start transaction e clock
[381190000] Checker pronto para a proxima!
[381270000] start transaction e clock recebidos
[381300000] aguardando check_done_i
Rodada atual: 884
[381350000] check_done_i RECEBIDO
[381360000] aguardando start transaction e clock
[381360000] Checker pronto para a proxima!
[381380000] start transaction e clock recebidos
[381440000] aguardando check_done_i
Rodada atual: 885
[381560000] check_done_i RECEBIDO
[381570000] aguardando start transaction e clock
[381570000] Checker pronto para a proxima!
[381590000] start transaction e clock recebidos
[381610000] aguardando check_done_i
Rodada atual: 886
[381720000] check_done_i RECEBIDO
[381730000] aguardando start transaction e clock
[381730000] Checker pronto para a proxima!
[382280000] start transaction e clock recebidos
[382290000] aguardando check_done_i
Rodada atual: 887
[382340000] check_done_i RECEBIDO
[382350000] aguardando start transaction e clock
[382350000] Checker pronto para a proxima!
[382370000] start transaction e clock recebidos
[382390000] aguardando check_done_i
Rodada atual: 888
[382430000] check_done_i RECEBIDO
[382440000] aguardando start transaction e clock
[382440000] Checker pronto para a proxima!
[382590000] start transaction e clock recebidos
[382600000] aguardando check_done_i
Rodada atual: 889
[382650000] check_done_i RECEBIDO
[382660000] aguardando start transaction e clock
[382660000] Checker pronto para a proxima!
[382680000] start transaction e clock recebidos
[382700000] aguardando check_done_i
Rodada atual: 890
[382760000] check_done_i RECEBIDO
[382770000] aguardando start transaction e clock
[382770000] Checker pronto para a proxima!
[382790000] start transaction e clock recebidos
[382810000] aguardando check_done_i
Rodada atual: 891
[382980000] check_done_i RECEBIDO
[382990000] aguardando start transaction e clock
[382990000] Checker pronto para a proxima!
[383870000] start transaction e clock recebidos
[383880000] aguardando check_done_i
Rodada atual: 892
[383930000] check_done_i RECEBIDO
[383940000] aguardando start transaction e clock
[383940000] Checker pronto para a proxima!
[383960000] start transaction e clock recebidos
[384020000] aguardando check_done_i
Rodada atual: 893
[384150000] check_done_i RECEBIDO
[384160000] aguardando start transaction e clock
[384160000] Checker pronto para a proxima!
[384180000] start transaction e clock recebidos
[384210000] aguardando check_done_i
Rodada atual: 894
[384360000] check_done_i RECEBIDO
[384370000] aguardando start transaction e clock
[384370000] Checker pronto para a proxima!
[384390000] start transaction e clock recebidos
[384410000] aguardando check_done_i
Rodada atual: 895
[384900000] check_done_i RECEBIDO
[384910000] aguardando start transaction e clock
[384910000] Checker pronto para a proxima!
[384930000] start transaction e clock recebidos
[384950000] aguardando check_done_i
Rodada atual: 896
[385300000] check_done_i RECEBIDO
[385310000] aguardando start transaction e clock
[385310000] Checker pronto para a proxima!
[385330000] start transaction e clock recebidos
[386020000] aguardando check_done_i
Rodada atual: 897
[386150000] check_done_i RECEBIDO
[386160000] aguardando start transaction e clock
[386160000] Checker pronto para a proxima!
[386180000] start transaction e clock recebidos
[386210000] aguardando check_done_i
Rodada atual: 898
[386250000] check_done_i RECEBIDO
[386260000] aguardando start transaction e clock
[386260000] Checker pronto para a proxima!
[386480000] start transaction e clock recebidos
[386490000] aguardando check_done_i
Rodada atual: 899
[386540000] check_done_i RECEBIDO
[386550000] aguardando start transaction e clock
[386550000] Checker pronto para a proxima!
[386570000] start transaction e clock recebidos
[386590000] aguardando check_done_i
Rodada atual: 900
[386720000] check_done_i RECEBIDO
[386730000] aguardando start transaction e clock
[386730000] Checker pronto para a proxima!
[387570000] start transaction e clock recebidos
[387630000] aguardando check_done_i
Rodada atual: 901
[387680000] check_done_i RECEBIDO
[387690000] aguardando start transaction e clock
[387690000] Checker pronto para a proxima!
[387710000] start transaction e clock recebidos
[387770000] aguardando check_done_i
Rodada atual: 902
[387940000] check_done_i RECEBIDO
[387950000] aguardando start transaction e clock
[387950000] Checker pronto para a proxima!
[387970000] start transaction e clock recebidos
[388000000] aguardando check_done_i
Rodada atual: 903
[388040000] check_done_i RECEBIDO
[388050000] aguardando start transaction e clock
[388050000] Checker pronto para a proxima!
[388070000] start transaction e clock recebidos
[388090000] aguardando check_done_i
Rodada atual: 904
[388830000] check_done_i RECEBIDO
[388840000] aguardando start transaction e clock
[388840000] Checker pronto para a proxima!
[388860000] start transaction e clock recebidos
[388920000] aguardando check_done_i
Rodada atual: 905
[389010000] check_done_i RECEBIDO
[389020000] aguardando start transaction e clock
[389020000] Checker pronto para a proxima!
[389040000] start transaction e clock recebidos
[389060000] aguardando check_done_i
Rodada atual: 906
[389200000] check_done_i RECEBIDO
[389210000] aguardando start transaction e clock
[389210000] Checker pronto para a proxima!
[389230000] start transaction e clock recebidos
[389290000] aguardando check_done_i
Rodada atual: 907
[389420000] check_done_i RECEBIDO
[389430000] aguardando start transaction e clock
[389430000] Checker pronto para a proxima!
[389450000] start transaction e clock recebidos
[390260000] aguardando check_done_i
Rodada atual: 908
[390410000] check_done_i RECEBIDO
[390420000] aguardando start transaction e clock
[390420000] Checker pronto para a proxima!
[390440000] start transaction e clock recebidos
[391170000] aguardando check_done_i
Rodada atual: 909
[391300000] check_done_i RECEBIDO
[391310000] aguardando start transaction e clock
[391310000] Checker pronto para a proxima!
[391330000] start transaction e clock recebidos
[391440000] aguardando check_done_i
Rodada atual: 910
[391590000] check_done_i RECEBIDO
[391600000] aguardando start transaction e clock
[391600000] Checker pronto para a proxima!
[391990000] start transaction e clock recebidos
[392020000] aguardando check_done_i
Rodada atual: 911
[392070000] check_done_i RECEBIDO
[392080000] aguardando start transaction e clock
[392080000] Checker pronto para a proxima!
[392130000] start transaction e clock recebidos
[392140000] aguardando check_done_i
Rodada atual: 912
[392190000] check_done_i RECEBIDO
[392200000] aguardando start transaction e clock
[392200000] Checker pronto para a proxima!
[392220000] start transaction e clock recebidos
[392240000] aguardando check_done_i
Rodada atual: 913
[392330000] check_done_i RECEBIDO
[392340000] aguardando start transaction e clock
[392340000] Checker pronto para a proxima!
[392360000] start transaction e clock recebidos
[392420000] aguardando check_done_i
Rodada atual: 914
[392510000] check_done_i RECEBIDO
[392520000] aguardando start transaction e clock
[392520000] Checker pronto para a proxima!
[392540000] start transaction e clock recebidos
[392560000] aguardando check_done_i
Rodada atual: 915
[392600000] check_done_i RECEBIDO
[392610000] aguardando start transaction e clock
[392610000] Checker pronto para a proxima!
[392630000] start transaction e clock recebidos
[392660000] aguardando check_done_i
Rodada atual: 916
[392700000] check_done_i RECEBIDO
[392710000] aguardando start transaction e clock
[392710000] Checker pronto para a proxima!
[392730000] start transaction e clock recebidos
[392750000] aguardando check_done_i
Rodada atual: 917
[392960000] check_done_i RECEBIDO
[392970000] aguardando start transaction e clock
[392970000] Checker pronto para a proxima!
[392990000] start transaction e clock recebidos
[393010000] aguardando check_done_i
Rodada atual: 918
[393830000] check_done_i RECEBIDO
[393840000] aguardando start transaction e clock
[393840000] Checker pronto para a proxima!
[394220000] start transaction e clock recebidos
[394230000] aguardando check_done_i
Rodada atual: 919
[394280000] check_done_i RECEBIDO
[394290000] aguardando start transaction e clock
[394290000] Checker pronto para a proxima!
[394750000] start transaction e clock recebidos
[394780000] aguardando check_done_i
Rodada atual: 920
[394830000] check_done_i RECEBIDO
[394840000] aguardando start transaction e clock
[394840000] Checker pronto para a proxima!
[394970000] start transaction e clock recebidos
[395000000] aguardando check_done_i
Rodada atual: 921
[395050000] check_done_i RECEBIDO
[395060000] aguardando start transaction e clock
[395060000] Checker pronto para a proxima!
[395860000] start transaction e clock recebidos
[395870000] aguardando check_done_i
Rodada atual: 922
[395920000] check_done_i RECEBIDO
[395930000] aguardando start transaction e clock
[395930000] Checker pronto para a proxima!
[395950000] start transaction e clock recebidos
[395980000] aguardando check_done_i
Rodada atual: 923
[396120000] check_done_i RECEBIDO
[396130000] aguardando start transaction e clock
[396130000] Checker pronto para a proxima!
[396150000] start transaction e clock recebidos
[396210000] aguardando check_done_i
Rodada atual: 924
[396340000] check_done_i RECEBIDO
[396350000] aguardando start transaction e clock
[396350000] Checker pronto para a proxima!
[396520000] start transaction e clock recebidos
[396550000] aguardando check_done_i
Rodada atual: 925
[396600000] check_done_i RECEBIDO
[396610000] aguardando start transaction e clock
[396610000] Checker pronto para a proxima!
[396630000] start transaction e clock recebidos
[396650000] aguardando check_done_i
Rodada atual: 926
[396690000] check_done_i RECEBIDO
[396700000] aguardando start transaction e clock
[396700000] Checker pronto para a proxima!
[396780000] start transaction e clock recebidos
[396790000] aguardando check_done_i
Rodada atual: 927
[396840000] check_done_i RECEBIDO
[396850000] aguardando start transaction e clock
[396850000] Checker pronto para a proxima!
[396870000] start transaction e clock recebidos
[396930000] aguardando check_done_i
Rodada atual: 928
[397040000] check_done_i RECEBIDO
[397050000] aguardando start transaction e clock
[397050000] Checker pronto para a proxima!
[397230000] start transaction e clock recebidos
[397260000] aguardando check_done_i
Rodada atual: 929
[397310000] check_done_i RECEBIDO
[397320000] aguardando start transaction e clock
[397320000] Checker pronto para a proxima!
[397340000] start transaction e clock recebidos
[397360000] aguardando check_done_i
Rodada atual: 930
[397540000] check_done_i RECEBIDO
[397550000] aguardando start transaction e clock
[397550000] Checker pronto para a proxima!
[397880000] start transaction e clock recebidos
[397910000] aguardando check_done_i
Rodada atual: 931
[397960000] check_done_i RECEBIDO
[397970000] aguardando start transaction e clock
[397970000] Checker pronto para a proxima!
[398390000] start transaction e clock recebidos
[398420000] aguardando check_done_i
Rodada atual: 932
[398470000] check_done_i RECEBIDO
[398480000] aguardando start transaction e clock
[398480000] Checker pronto para a proxima!
[398500000] start transaction e clock recebidos
[398560000] aguardando check_done_i
Rodada atual: 933
[398640000] check_done_i RECEBIDO
[398650000] aguardando start transaction e clock
[398650000] Checker pronto para a proxima!
[398670000] start transaction e clock recebidos
[398730000] aguardando check_done_i
Rodada atual: 934
[398880000] check_done_i RECEBIDO
[398890000] aguardando start transaction e clock
[398890000] Checker pronto para a proxima!
[398910000] start transaction e clock recebidos
[398940000] aguardando check_done_i
Rodada atual: 935
[398980000] check_done_i RECEBIDO
[398990000] aguardando start transaction e clock
[398990000] Checker pronto para a proxima!
[399700000] start transaction e clock recebidos
[399710000] aguardando check_done_i
Rodada atual: 936
[399760000] check_done_i RECEBIDO
[399770000] aguardando start transaction e clock
[399770000] Checker pronto para a proxima!
[399970000] start transaction e clock recebidos
[399980000] aguardando check_done_i
Rodada atual: 937
[400030000] check_done_i RECEBIDO
[400040000] aguardando start transaction e clock
[400040000] Checker pronto para a proxima!
[400060000] start transaction e clock recebidos
[400120000] aguardando check_done_i
Rodada atual: 938
[400220000] check_done_i RECEBIDO
[400230000] aguardando start transaction e clock
[400230000] Checker pronto para a proxima!
[400320000] start transaction e clock recebidos
[400350000] aguardando check_done_i
Rodada atual: 939
[400400000] check_done_i RECEBIDO
[400410000] aguardando start transaction e clock
[400410000] Checker pronto para a proxima!
[400430000] start transaction e clock recebidos
[401050000] aguardando check_done_i
Rodada atual: 940
[401200000] check_done_i RECEBIDO
[401210000] aguardando start transaction e clock
[401210000] Checker pronto para a proxima!
[401230000] start transaction e clock recebidos
[401260000] aguardando check_done_i
Rodada atual: 941
[401360000] check_done_i RECEBIDO
[401370000] aguardando start transaction e clock
[401370000] Checker pronto para a proxima!
[401390000] start transaction e clock recebidos
[401410000] aguardando check_done_i
Rodada atual: 942
[401770000] check_done_i RECEBIDO
[401780000] aguardando start transaction e clock
[401780000] Checker pronto para a proxima!
[402460000] start transaction e clock recebidos
[402470000] aguardando check_done_i
Rodada atual: 943
[402520000] check_done_i RECEBIDO
[402530000] aguardando start transaction e clock
[402530000] Checker pronto para a proxima!
[403460000] start transaction e clock recebidos
[403490000] aguardando check_done_i
Rodada atual: 944
[403540000] check_done_i RECEBIDO
[403550000] aguardando start transaction e clock
[403550000] Checker pronto para a proxima!
[403570000] start transaction e clock recebidos
[403730000] aguardando check_done_i
Rodada atual: 945
[403770000] check_done_i RECEBIDO
[403780000] aguardando start transaction e clock
[403780000] Checker pronto para a proxima!
[403800000] start transaction e clock recebidos
[404580000] aguardando check_done_i
Rodada atual: 946
[404690000] check_done_i RECEBIDO
[404700000] aguardando start transaction e clock
[404700000] Checker pronto para a proxima!
[404720000] start transaction e clock recebidos
[404740000] aguardando check_done_i
Rodada atual: 947
[405620000] check_done_i RECEBIDO
[405630000] aguardando start transaction e clock
[405630000] Checker pronto para a proxima!
[405650000] start transaction e clock recebidos
[405680000] aguardando check_done_i
Rodada atual: 948
[405830000] check_done_i RECEBIDO
[405840000] aguardando start transaction e clock
[405840000] Checker pronto para a proxima!
[405860000] start transaction e clock recebidos
[405920000] aguardando check_done_i
Rodada atual: 949
[406010000] check_done_i RECEBIDO
[406020000] aguardando start transaction e clock
[406020000] Checker pronto para a proxima!
[406040000] start transaction e clock recebidos
[406060000] aguardando check_done_i
Rodada atual: 950
[406820000] check_done_i RECEBIDO
[406830000] aguardando start transaction e clock
[406830000] Checker pronto para a proxima!
[407160000] start transaction e clock recebidos
[407170000] aguardando check_done_i
Rodada atual: 951
[407220000] check_done_i RECEBIDO
[407230000] aguardando start transaction e clock
[407230000] Checker pronto para a proxima!
[408150000] start transaction e clock recebidos
[408160000] aguardando check_done_i
Rodada atual: 952
[408210000] check_done_i RECEBIDO
[408220000] aguardando start transaction e clock
[408220000] Checker pronto para a proxima!
[408240000] start transaction e clock recebidos
[408300000] aguardando check_done_i
Rodada atual: 953
[408390000] check_done_i RECEBIDO
[408400000] aguardando start transaction e clock
[408400000] Checker pronto para a proxima!
[408420000] start transaction e clock recebidos
[408450000] aguardando check_done_i
Rodada atual: 954
[408490000] check_done_i RECEBIDO
[408500000] aguardando start transaction e clock
[408500000] Checker pronto para a proxima!
[408520000] start transaction e clock recebidos
[408720000] aguardando check_done_i
Rodada atual: 955
[408840000] check_done_i RECEBIDO
[408850000] aguardando start transaction e clock
[408850000] Checker pronto para a proxima!
[409770000] start transaction e clock recebidos
[409780000] aguardando check_done_i
Rodada atual: 956
[409830000] check_done_i RECEBIDO
[409840000] aguardando start transaction e clock
[409840000] Checker pronto para a proxima!
[410370000] start transaction e clock recebidos
[410400000] aguardando check_done_i
Rodada atual: 957
[410450000] check_done_i RECEBIDO
[410460000] aguardando start transaction e clock
[410460000] Checker pronto para a proxima!
[410710000] start transaction e clock recebidos
[410720000] aguardando check_done_i
Rodada atual: 958
[410770000] check_done_i RECEBIDO
[410780000] aguardando start transaction e clock
[410780000] Checker pronto para a proxima!
[411150000] start transaction e clock recebidos
[411160000] aguardando check_done_i
Rodada atual: 959
[411210000] check_done_i RECEBIDO
[411220000] aguardando start transaction e clock
[411220000] Checker pronto para a proxima!
[411240000] start transaction e clock recebidos
[411260000] aguardando check_done_i
Rodada atual: 960
[411410000] check_done_i RECEBIDO
[411420000] aguardando start transaction e clock
[411420000] Checker pronto para a proxima!
[411440000] start transaction e clock recebidos
[411630000] aguardando check_done_i
Rodada atual: 961
[411720000] check_done_i RECEBIDO
[411730000] aguardando start transaction e clock
[411730000] Checker pronto para a proxima!
[411750000] start transaction e clock recebidos
[411770000] aguardando check_done_i
Rodada atual: 962
[412070000] check_done_i RECEBIDO
[412080000] aguardando start transaction e clock
[412080000] Checker pronto para a proxima!
[412590000] start transaction e clock recebidos
[412620000] aguardando check_done_i
Rodada atual: 963
[412670000] check_done_i RECEBIDO
[412680000] aguardando start transaction e clock
[412680000] Checker pronto para a proxima!
[412700000] start transaction e clock recebidos
[412720000] aguardando check_done_i
Rodada atual: 964
[412760000] check_done_i RECEBIDO
[412770000] aguardando start transaction e clock
[412770000] Checker pronto para a proxima!
[412790000] start transaction e clock recebidos
[412850000] aguardando check_done_i
Rodada atual: 965
[412970000] check_done_i RECEBIDO
[412980000] aguardando start transaction e clock
[412980000] Checker pronto para a proxima!
[413340000] start transaction e clock recebidos
[413350000] aguardando check_done_i
Rodada atual: 966
[413400000] check_done_i RECEBIDO
[413410000] aguardando start transaction e clock
[413410000] Checker pronto para a proxima!
[413430000] start transaction e clock recebidos
[413450000] aguardando check_done_i
Rodada atual: 967
[413950000] check_done_i RECEBIDO
[413960000] aguardando start transaction e clock
[413960000] Checker pronto para a proxima!
[414930000] start transaction e clock recebidos
[414940000] aguardando check_done_i
Rodada atual: 968
[414990000] check_done_i RECEBIDO
[415000000] aguardando start transaction e clock
[415000000] Checker pronto para a proxima!
[415710000] start transaction e clock recebidos
[415720000] aguardando check_done_i
Rodada atual: 969
[415770000] check_done_i RECEBIDO
[415780000] aguardando start transaction e clock
[415780000] Checker pronto para a proxima!
[416460000] start transaction e clock recebidos
[416470000] aguardando check_done_i
Rodada atual: 970
[416520000] check_done_i RECEBIDO
[416530000] aguardando start transaction e clock
[416530000] Checker pronto para a proxima!
[416550000] start transaction e clock recebidos
[416570000] aguardando check_done_i
Rodada atual: 971
[416610000] check_done_i RECEBIDO
[416620000] aguardando start transaction e clock
[416620000] Checker pronto para a proxima!
[416640000] start transaction e clock recebidos
[416660000] aguardando check_done_i
Rodada atual: 972
[416810000] check_done_i RECEBIDO
[416820000] aguardando start transaction e clock
[416820000] Checker pronto para a proxima!
[416840000] start transaction e clock recebidos
[416870000] aguardando check_done_i
Rodada atual: 973
[416910000] check_done_i RECEBIDO
[416920000] aguardando start transaction e clock
[416920000] Checker pronto para a proxima!
[416940000] start transaction e clock recebidos
[416960000] aguardando check_done_i
Rodada atual: 974
[417110000] check_done_i RECEBIDO
[417120000] aguardando start transaction e clock
[417120000] Checker pronto para a proxima!
[417140000] start transaction e clock recebidos
[417170000] aguardando check_done_i
Rodada atual: 975
[417210000] check_done_i RECEBIDO
[417220000] aguardando start transaction e clock
[417220000] Checker pronto para a proxima!
[417240000] start transaction e clock recebidos
[417980000] aguardando check_done_i
Rodada atual: 976
[418120000] check_done_i RECEBIDO
[418130000] aguardando start transaction e clock
[418130000] Checker pronto para a proxima!
[418150000] start transaction e clock recebidos
[418210000] aguardando check_done_i
Rodada atual: 977
[418320000] check_done_i RECEBIDO
[418330000] aguardando start transaction e clock
[418330000] Checker pronto para a proxima!
[418580000] start transaction e clock recebidos
[418610000] aguardando check_done_i
Rodada atual: 978
[418660000] check_done_i RECEBIDO
[418670000] aguardando start transaction e clock
[418670000] Checker pronto para a proxima!
[418900000] start transaction e clock recebidos
[418930000] aguardando check_done_i
Rodada atual: 979
[418980000] check_done_i RECEBIDO
[418990000] aguardando start transaction e clock
[418990000] Checker pronto para a proxima!
[419010000] start transaction e clock recebidos
[419070000] aguardando check_done_i
Rodada atual: 980
[419170000] check_done_i RECEBIDO
[419180000] aguardando start transaction e clock
[419180000] Checker pronto para a proxima!
[419420000] start transaction e clock recebidos
[419450000] aguardando check_done_i
Rodada atual: 981
[419500000] check_done_i RECEBIDO
[419510000] aguardando start transaction e clock
[419510000] Checker pronto para a proxima!
[419710000] start transaction e clock recebidos
[419740000] aguardando check_done_i
Rodada atual: 982
[419790000] check_done_i RECEBIDO
[419800000] aguardando start transaction e clock
[419800000] Checker pronto para a proxima!
[419820000] start transaction e clock recebidos
[419850000] aguardando check_done_i
Rodada atual: 983
[419890000] check_done_i RECEBIDO
[419900000] aguardando start transaction e clock
[419900000] Checker pronto para a proxima!
[419920000] start transaction e clock recebidos
[419940000] aguardando check_done_i
Rodada atual: 984
[419980000] check_done_i RECEBIDO
[419990000] aguardando start transaction e clock
[419990000] Checker pronto para a proxima!
[420010000] start transaction e clock recebidos
[420030000] aguardando check_done_i
Rodada atual: 985
[420210000] check_done_i RECEBIDO
[420220000] aguardando start transaction e clock
[420220000] Checker pronto para a proxima!
[420240000] start transaction e clock recebidos
[420300000] aguardando check_done_i
Rodada atual: 986
[420420000] check_done_i RECEBIDO
[420430000] aguardando start transaction e clock
[420430000] Checker pronto para a proxima!
[420900000] start transaction e clock recebidos
[420910000] aguardando check_done_i
Rodada atual: 987
[420960000] check_done_i RECEBIDO
[420970000] aguardando start transaction e clock
[420970000] Checker pronto para a proxima!
[421880000] start transaction e clock recebidos
[421890000] aguardando check_done_i
Rodada atual: 988
[421940000] check_done_i RECEBIDO
[421950000] aguardando start transaction e clock
[421950000] Checker pronto para a proxima!
[421970000] start transaction e clock recebidos
[422000000] aguardando check_done_i
Rodada atual: 989
[422040000] check_done_i RECEBIDO
[422050000] aguardando start transaction e clock
[422050000] Checker pronto para a proxima!
[422470000] start transaction e clock recebidos
[422500000] aguardando check_done_i
Rodada atual: 990
[422550000] check_done_i RECEBIDO
[422560000] aguardando start transaction e clock
[422560000] Checker pronto para a proxima!
[422580000] start transaction e clock recebidos
[422600000] aguardando check_done_i
Rodada atual: 991
[422780000] check_done_i RECEBIDO
[422790000] aguardando start transaction e clock
[422790000] Checker pronto para a proxima!
[423600000] start transaction e clock recebidos
[423630000] aguardando check_done_i
Rodada atual: 992
[423680000] check_done_i RECEBIDO
[423690000] aguardando start transaction e clock
[423690000] Checker pronto para a proxima!
[423710000] start transaction e clock recebidos
[423730000] aguardando check_done_i
Rodada atual: 993
[423850000] check_done_i RECEBIDO
[423860000] aguardando start transaction e clock
[423860000] Checker pronto para a proxima!
[423880000] start transaction e clock recebidos
[423900000] aguardando check_done_i
Rodada atual: 994
[424010000] check_done_i RECEBIDO
[424020000] aguardando start transaction e clock
[424020000] Checker pronto para a proxima!
[424470000] start transaction e clock recebidos
[424480000] aguardando check_done_i
Rodada atual: 995
[424530000] check_done_i RECEBIDO
[424540000] aguardando start transaction e clock
[424540000] Checker pronto para a proxima!
[424560000] start transaction e clock recebidos
[424580000] aguardando check_done_i
Rodada atual: 996
[424750000] check_done_i RECEBIDO
[424760000] aguardando start transaction e clock
[424760000] Checker pronto para a proxima!
[424780000] start transaction e clock recebidos
[425500000] aguardando check_done_i
Rodada atual: 997
[425670000] check_done_i RECEBIDO
[425680000] aguardando start transaction e clock
[425680000] Checker pronto para a proxima!
[425700000] start transaction e clock recebidos
[426080000] aguardando check_done_i
Rodada atual: 998
[426120000] check_done_i RECEBIDO
[426130000] aguardando start transaction e clock
[426130000] Checker pronto para a proxima!
[426150000] start transaction e clock recebidos
[426440000] aguardando check_done_i
Rodada atual: 999
[426540000] check_done_i RECEBIDO
[426550000] aguardando start transaction e clock
[426550000] Checker pronto para a proxima!
[426570000] start transaction e clock recebidos
[426590000] aguardando check_done_i
Warning: Simulation end - Maximum number of rounds reached
Time: 426610 ns  Iteration: 0  Process: /tb_ace/i_checker/Initial680_350/Block680_351  Scope: tb_ace.i_checker.Block680_351  File: /home/igorcintra13/culsans_questa/modules/cva6/corev_apu/tb/tb_wb_dcache/hdl/dcache_checker.sv Line: 825
Total generated requests:        1000
	Snoop requests:         341
		CleanInvalid requests:          26
			CleanInvalid requests targeting valid cache blocks:           0
			CleanInvalid requests targeting dirty cache blocks:           0
			CleanInvalid requests targeting shared cache blocks:           0
		ReadUnique requests:          23
			ReadUnique requests targeting valid cache blocks:           0
			ReadUnique requests targeting dirty cache blocks:           0
			ReadUnique requests targeting shared cache blocks:           0
		ReadShared requests:          20
			ReadShared requests targeting valid cache blocks:           3
			ReadShared requests targeting dirty cache blocks:           3
			ReadShared requests targeting shared cache blocks:           1
		ReadOnce requests:          29
			ReadOnce requests targeting valid cache blocks:           1
			ReadOnce requests targeting dirty cache blocks:           1
			ReadOnce requests targeting shared cache blocks:           0
	Read requests:         315
		Read requests targeting cacheable locations:         280
		Read requests targeting shareable locations:         296
		Read requests targeting valid cache blocks:          39
		Read requests targeting dirty cache blocks:          29
		Read requests targeting shared cache blocks:           8
	Write requests:         344
		Write requests targeting cacheable locations:         303
		Write requests targeting shareable locations:         326
		Write requests targeting valid cache blocks:          50
		Write requests targeting dirty cache blocks:          36
		Write requests targeting shared cache blocks:           9
$finish called at time : 426610 ns : File "/home/igorcintra13/culsans_questa/modules/cva6/corev_apu/tb/tb_wb_dcache/hdl/dcache_checker.sv" Line 827
run: Time (s): cpu = 00:00:00.64 ; elapsed = 00:00:07 . Memory (MB): peak = 1441.969 ; gain = 0.000 ; free physical = 1821 ; free virtual = 4226
exit
INFO: xsimkernel Simulation Memory Usage: 288500 KB (Peak: 337060 KB), Simulation CPU Usage: 8970 ms
INFO: [Common 17-206] Exiting xsim at Tue Jul 14 05:33:31 2026...
